Content,Label
"#معاوضدعملوقيادهالمراه انا مع قيادة المرأة لان حق لها، و الي تبي البلاوي تسويها لو بغرفتها،والعمل حق مشروع لكل شخص سواء كان رجل ام انثى.",pos
#معاوضدعملوقيادهالمراه انا مع قيادة المراة لااني لم اشاهد في دول الخليج يوجد او اسمع ان امراة تتعرض لتحرش او اختطاف او اغتصاب وهي تقود السيارة بل الحديث الكثير مع السائق او ابر وكريم خلوها تقود وربك كريم والنظام الحازم وعازم يربيهم من يتجاوز حدوده علي المراة في القيادة,pos
#معاوضدعملوقيادهالمراه انا مع العمل و قيادة المرأة,pos
"#معاوضدعملوقيادهالمراه المرأه كلللل المجتمع ، محد مسنعكم ومنظفكم ومشبعكم غير المرأه واقل حق من حقوقها تمارس حياتها الطبيعية سواء بعمل او قيادة وحطوا ببالكم المرأة تقود بيت بكبره مو صعب عليها تقود سيارة 🙂❤️..",pos
"#معاوضدعملوقيادهالمراه المرأة قادرة على أن تُدير نصف مجتمع ، كيف لها أن لا تستطيع قيادة أو عمل !! 
 بنظري المرأه خُلقت لتكون كُل المجتمع - فنصف المجتمع تربيتُها والنصف الاخر هي .",pos
"#معاوضدعملوقيادهالمراه 
 مع قياده المرأه وهي تقود من زمان عندنا 
 وعمل المرأه مافيه شي أذا مافيه أختلاط",pos
"#معاوضدعملوقيادهالمراه 
 مع قيادة المرأة وبقوة
 نص القرار 👇👇
 يارب إحفظ قيادة وشعب #السعوديهالعظمي https://t.co/FHfL4UsvHD",pos
"#معاوضدعملوقيادهالمراه 
 مع عمل المرأه في اماكن لا يوجد بها اختلاط 
 مع قيادة المرأه",pos
"#معاوضدعملوقيادهالمراه 
 
 أنا مع عمل و قيادة المرأه وضد مناقشة مواضيع المرأه بهالشكل
 المرأه جزء من المجتمع مثلها مثل الرجل ولهم حقوق مثل إن الرجال لهم حقوق
 فلا تفصلون أحد عن أحد خلاص ترى ملينا",pos
#معاوضدعملوقيادهالمراه - مع قياده المره اذا كانت محتشمه وش اللي يمنع اقضل من انها تركب مع سائق غريب 🙏,pos
"#قيادهالمرأهالسعودية 
 
 الحمدلله دائما وابدا ❤️🙏🏼🚙 https://t.co/P6efxy0368",pos
#قيادةالمرأةللسيارة رسميا..اليوم زوجتي الله يحفظها ساقت السياره ..,pos
"#التحدياتالاسريهفيالمجتمعالسعودي
 قيادة المرأه للسياره وحاجتها لذلك من الضروريات التي تعينها على الوصول للعمل او الجامعة في الوقت المحدد او لظروف السفر ومايحدث احياناً من اصابة السائق ان كان اب او اخ او زوج ونحوه فكيف سيكون التصرف اذا كانت المرأه لا تعرف القياده؟",pos
#MBS قيادتنا الرشيدة تدعم المرأه ومكنتها في حقوقها الخاصه لكي يمكنها ممارسة حياتها الطبيعيه بحياتها اليوميه #قيادةالمراه,pos
#MBS عمل الامير محمد بن سلمان على اصلاحات كبيرة في المملكة ومنها قيادة المراه ودخولها للملاعب,pos
#MBS سعى الأمير مُحمد بن سلمان على دعم المرأة السعودية في شتى مناحي الحياة وأعاد إليها بعض حقوقها مثل قيادة المرأة للسيارة,pos
والله لو احلف لو تطلعون رخصة ثقيل ومرخص ماتتعلمون القيادة ي رجال وجيه قيادة والله لو تعلمها القيادة سنه وقدام ماتتعلم بالله يالحريم فكونا من شركم جيبي لك سواق بنقالي يوديك إلي تبينة عشان حياتك وحياة الآخرين ولآ اقول سيكل والرياضة زينة😂😂يابوي ضد ضد #معاوضدعملوقيادهالمراه,neg
والله قلنا لكم مافيه فايده قيادة المراه للسياره!😕 https://t.co/CPnTzdx5yc,neg
من قيادة المرأة في السعودية الى انشاء معابد لغير المسلمين في الامارات وصولاً لزيارة نتنياهو لعمان حتى منح الجنسية لغير المسلمين في الكويت و التي ستتبعها البحرين في القريب العاجل ليس منها شيء يمس الدين و لكنها تمس التقاليد و هو امراً هيّن..,neg
"من تالي كثرت حوادثي 
 الله يلعن قياده المرأه",neg
"من اول ماطلعنا على الدنيا كبرنا ووعينا ان قيادة المرأه سلبياتها اكثر من الإيجابيات ، وتطبيقها عندنا خطأ كنّا الدوله الوحيده المتميزه بعدم القياده ، اصبحنا نتبع من حولنا ، واخرتها البنت نفسها تطالب هي نفسها تتضرر،﴿ وقرن في بيوتكن ولاتبرجن تبرج الجهلية الأولى ﴾🌱.
 #واللهلاصدمك",neg
"مع عمل المراه في مكان خاص بالنساء فقط بعيدآ عن الاختلاط مع الرجال !
 وضد قيادة المراه للسيارة لانها بداية او شراره الاولي لختلاط المراه بالرجال ومن ثم العهر والفساد !!
 ومع عودة هيئة الامر بالمعروف والنهي عن المنكر بكامل صلاحيتها !! #معاوضدعملوقيادهالمراه",neg
"لن تستمر قيادة المرأة وستنتهي بسرعة لأسباب دينية وإجتماعية وإقتصادية، وأتحدى لو تستمر لنهاية عام ١٤٤١ هـ.
 #معاوضدعملوقيادهالمراه",neg
قيادة المكنسة وأولادها في بيتها خيرٍ من ألف سيارة #معاوضدعملوقيادهالمراه,neg
قبل قيادة المرأة كان البنزين رخيص والكهرباء رخيص ومافيه ضريبة #معاوضدعملوقيادهالمراه,neg
"قادت او لا
 فهي لا تستطيع قيادة نفسها
 فكل يوم لها 275 رأي
 #معاوضدعملوقيادهالمراه",neg
عمل المرأة بدون اختلاط وبكامل الحشمة ما فيه شي اما اللي نشوفه سواء في المستشفيات او في الاسواق فانا ضده لانه شي يقهر بجد اما قيادة المرأة فانا ضدها لاني ما راح اقصر باذن الله على اهلي وباقي النساء مالي علاقة فيهن #معاوضدعملوقيادهالمراه,neg
"طبعا ضد قيادة المراءه للسياره الا المضطره لان الضرر اكثر من النفع ، وضد عمل المراءه المختلط ، لان والله كله استدراج من الشيطان ، وقلة حياء للمرءه ومحرم شرعا ورجاء لحد يعترض على شي ربي حرمه الا وهو الاختلاط ✋🏻 #معاوضدعملوقيادهالمراه",neg
"ضد كل الضد 
 و ما ادري ليش هيئة كبار العلماء تراجعت عن فتاويها بالتحريم الي جلهم كانو يشددون في تحريم قيادة المرأة 
 #معاوضدعملوقيادهالمراه",neg
ضد قياده المرآه حفاظا على ارواح الآخرين #معاوضدعملوقيادهالمراه,neg
"ضد قياده المرأة وعملها بمكان مختلط وبقوة ولايليق بها كإمرأهً مسلمه !! مااقتصرت مجالات الرزق على الإختلاط ويوجد من الأعمال مايحفظ لها دينها وعفتها وحياءها
 #معاوضدعملوقيادهالمراه",neg
ضد قيادة المرأه#معاوضدعملوقيادهالمراه,neg
ضد قيادة المرأه وعمل الاختلاط بالرجال #معاوضدعملوقيادهالمراه,neg
ضد قيادة المرأه #معاوضدعملوقيادهالمراه,neg
"ضد قيادة المرأة
 ضد عمل المرأة اذا كان فيه اختلاط وإذا ما كان فيه عادي #معاوضدعملوقيادهالمراه",neg
ضد قيادة المرأة مكانه في البيت #معاوضدعملوقيادهالمراه,neg
ضد قيادة المراه الى الموت #معاوضدعملوقيادهالمراه,neg
"ضد عمل المرأة مع الرجال ، وضد قيادة المرأة الا بشروط ( عمر معين - ضروف خاصه- أماكن معينه ) خصوصية تربينا عليها صعب تتغير في يوم وليلة . #معاوضدعملوقيادهالمراه",neg
ضد العمل المختلط وضد قيادة المراة #معاوضدعملوقيادهالمراه,neg
"ضد العمل 
 لكن مش ضد قياده السياره للمراه 
 دا انا نفسى اتعلمها بجد #معاوضدعملوقيادهالمراه",neg
خطر قيادة المرأة حسيا التعدي على الأرواح وخطرها معنويا التعدي على الاعراض https://t.co/g3Cfd4Fppf,neg
تعمل مافيه مشكله بس قياده ضدها وبقوه #معاوضدعملوقيادهالمراه,neg
"إتفاق رجال الدين 
 بن باز العثيمين الفوزان 
 
 على حرمة قيادة المرأة للسيارة 
 بالرغم من ذلك حلل الحرام بكل اسف !!? 
 #معاوضدعملوقيادهالمراه https://t.co/KDvStSbb7O",neg
انا ضد قيادة المراءة وكذلك تعليمها #معاوضدعملوقيادهالمراه,neg
"انا ضد قياده المراءه
 
 #معاوضدعملوقيادهالمراه",neg
"انا ضد قيادة المرأه من اليوم بعد ماكنت اناصرهم…
 تو وحده حكّت صدام سيارتي وكويس اني كنت مشغل السياره وامداني احرك،وربي كانت بتشيله معها.",neg
انا ضد قيادة المرأة للسيارة 🤨,neg
انا ضد قيادة المرأة لانوا بصراحة احنا رجال وماسلمنا من القيادة حوادث ومخالفات أشكال والوان يجون هذولا اللي معليش اللي يلبسون الكعب العالي ويفلحون كارثة بصراحة#معاوضدعملوقيادهالمراه,neg
انا ضد قيادة المرأة .. انا مابغا امشي للموقف خلي السيارة تجي للباب 😪😑,neg
"انا ضد قيادة الرجل اصلا
 #معاوضدعملوقيادهالمراه",neg
انا انسان مع حصول المراة على كامل حقوقها مو بس قياده و عمل و بنفس اللحظة مع تغيير فكر المجتمع إتجاه المراة عشان لما تحصل على حقوقها ما يفكر هذا خروج عن الدين #معاوضدعملوقيادهالمراه,neg
امس وحده حدها واحد وصدمت باكستاني ومات الله يرحمه انا ضد قياده ذبحتو عيال خلق الله 🥺💔 #معاوضدعملوقيادهالمراه,neg
الي يقولون مع قياده المره هذولا مكثرين من لحم الخنزير #معاوضدعملوقيادهالمراه,neg
"اعوذ بالله ماهذا الفسق اي عمل واي قياده للمرأه المراه مكانها المنزل ثم القبر هي راس الفتنه ورأس كل فساد في هذه البلاد 
 اعوذ بالله اعوذ بالله استغفر الله استغفر الله #معاوضدعملوقيادهالمراه",neg
اتمنى يوقفون قيادة المرأة لان بعض الحريم مرره تجيب العيد وهي تسوق انا اليوم لو اني مو مركز في الخط والاكان رحت في خرايطها لفت علي حرمه وبلا اي تنبيه لا اشارة مسكت بريك في وسط الشارع والاخت وقفت يمين الخط بلا اي احساس ولا كأني موجود وغيرها من المواقف .. #معاوضدعملوقيادهالمراه,neg
"اتمنى منعها الى الابدلان قيادة المرأة للسيارة هي باب من ابواب الفتنة ولن تغلق الابمنعها من القيادة 
 والا راح تكون مثل الشعوب فقر وفسادوكثر الزنا وغيرها 
 قد هلكت الامم السابقة وذهبت ريحها لم يبقى لها ذكر 
 لان الله سلط عليهم بذنوبهم
 التاريخ يعيد نفسه
 #معاوضدعملوقيادهالمراه",neg
"اتمنى من الملك يتراجع عن قرار قيادة المرأة
 سقطت عليا وحدة سقطة شفت الموت قدامي بس ربك ستر ، بعدين اكتشفت انها كانت ناوية تغير المسار بس🙂💔",neg
❗️❗️❗️❗️ضد قيادة المراه وضد عملها اذا كان مختلطاً❗️❗️❗️❗️ #معاوضدعملوقيادهالمراه,neg
"@Z1400F1428 اكثر الحوادث اللي تصير الان 
 بسبب قيادة المرأة للسيارة",neg
@o1100000 اول شي الحمدلله علي سلامتك وانا ضد قياده المراه,neg
"@moon201421 ضد قيادة المرأة عندكم لأن مجتمعكم مجتمع رجولي و حتى رأيت كيفية القيادة يعني فيه خطر عليكم ، في فرنسا لا أخفي عليكم نعن للقيادة لأن في الحافلات تكثر الفتن ...",neg
"@marzook4867 ضد قيادة المرأه
 قال تعالى(وَقَرْنَ فِي بُيُوتِكُنَّ",neg
@layaoba اي نعم انا ضد قيادة المرأه,neg
"@KingSalman سيدي الكريم نرجو من الله ثم من سموكم الكريم ب أغلاق ملف
 #قيادة_المرأة_للسيارة لسنا معارضين بقضاء حوائجهم ولكن أصبحنا نمشي في الطرقات دون أطمئنان أصيبت أرواح وأتلفت مركبات جديده تتجاوز قيمتها 80_150 ألف إلى متى ونحن #نتهرب_من_الأقدار_البشريه #تكفا_يبوفهد",neg
"@JUST_FOR_ALL4H @ksm949 الجميع شاهد المرأة التي اقتحمت بسيارتها صالون حلاقة ، مما نتج عنه وفاة أحد الأشخاص !
 كانت هذه المرأة .. قبل أسابيع .. معززة مكرمة في بيتها ، و لكن انجرافها لمثل هذه الدعوات جعلها تحمل وزر إزهاق نفس بريئة !!
 نسأل الله السلامة
 
 #كذبتم_الشعب_ضد_قياده_المراه",neg
@i5ii8 والله انا كنت ولازلت ضد قيادة المرأه واختلاف الرأي لايفسد للود قضيه,neg
"@enezi22 أتمنى ترجع الهيئه ، ويلغي قياده المراه أتمنى.",neg
@DANIA_SINDI لا مو كدا بس انا من زمان ضد قيادة المرأة في رأيي حتكون سلبياتها أكتر من إيجابياتها,neg
@btola_sahli7 كل الشعب السعودي ولله الحمد ضد الاختلاط بين الرجال والنساء وضد قيادة المرأة للسيارة لأن الشعب السعودي شعب إسلامي قد تربى على الكتاب والسنة النبوية المطهرة,neg
"@btola_sahli7 قيادة المرأة للسيارة محرمة باتفاق العلماء 
 راجع فتاوى اللجنة الدائمة للبحوث العلمية والإفتاء بقيادة ابن باز رحمه الله",neg
@BsheerSlamh مع الاسف اكبر غلط قيادة المراة .. الشوارع ماهي ناقصه زحمه ولاحوادث,neg
@Breakingkw قيادة المرأة للمجتمعات و انتشار الدياثة هو سبب كل الفتن بين الشعوب . مكان المرأة هو مطبخ البيت فقط و معاهم الذكوريين النسويين.,neg
"@al_sunh @33_Brstej المجتمع اليوم يواجه أزمة أخلاق وحرب قوية ضد تشوية الصورة للأسره المسلمه
 فمن طالب سابقاٌ بكشف الوجه وقد تحقق اليوم سيطالب غدا بالغاء العباية الساتره وكلها مسألة وقت ليس إلا وأول باب لهم قيادة المرأه
 
 فأن لم يسن قانون رسمي سيتطور الأمر للتحرشات والازمات الشبابية",neg
@ahmedsl12 هاذي نتيجة قيادة المرأة للمجتمعات العربية . المرأة مكانها مطبخ البيت فقط بدل هالدياثة,neg
"@abohmad1397 الله يسامحهن 
 
 (اغلب)من قادن غبيات وبعضهن منحلات
 
 هن عندهم رجال وش لهم بالتعب والمشاوير 
 
 احد اقاربي من الذين يؤيدون #قيادة_المرأة_للسيارة قال اركبي مع بناتي قلت حاشا لله انا عندي سواقين وهم زوجي وابنائي ولله الحمد
 
 ولو ماعندي ابناء سأجلس واقرّ ببيتي ولا اتعرض للاختلاط بالرجال.",neg
"@5a1di @aalodah ابوه اللي كان يقول مجالسة البنت مع ابيها يمكن تغري الاب ويتحرش فيها 
 
 ولا اللي كان يدعو الشباب للجهاد وقتل الناس 
 
 والتحريض ضد قيادة المرأه وانها بتخلي الشباب يغتصبونها 
 اتمنى ترجمة مقاطع هالدجال ونشرها للعالم",neg
"#والله_لاصدمك
 قيادة المرأة يسبب فتنة ومشاكل وهذا الشي معروف..نتمنى الغاء القرار",neg
"#والله_لاصدمك
 سبق وحذر المشايخ والمصلحين والفضلاء من فرض قيادة المراه
 
 لإنه باب فساد لإنه باب فتنه لإنه سيتسبب التحرش وتفكك الأسر وهذا ماشاهدناه من صدور القرار لارضاء الغرب
 
 نطالب بإلغاء هذا القرار الكارثي رضى من رضى فالمصلحه العامه فوق الجميع وهي الأهم وهذا ماتؤكده احد الحقوقيات https://t.co/94zrsJsmEZ",neg
"#مع_او_ضد_عمل_وقياده_المراه
 مع العمل اذا هو مكان محترم وغير مختلط 
 
 ضد قيادة المراءه وبقووه والله والله ٨٠٪ من الشعب السعودي الأصيل رافضين",neg
"#مع_او_ضد_عمل_وقياده_المراه
 لست مع قيادة المراه فالمراه ماتحتاج 
 للقياده لان البيت اخذ كل وقتها 
 وفيه من ياتي بالطلبات الله يحفظهم 
 وثاني تكثر السيارات والعادم 
 يلوث بيئتنا الجميله ويقطع رزق 
 السواقين اللي رزقهم على المشاوير",neg
"#مع_او_ضد_عمل_وقياده_المراه
 طبعا ضد واي مواطن شريف راح يقول ضد قيادة المراه ليش؟ لانه شريف واللي مع القياده غير شريف وشكرا",neg
"#مع_او_ضد_عمل_وقياده_المراه
 طبعاً الكل يعرف ان الشعب رافض قيادة المرآه اصلاً كأغلبيه ، ودليلي في هذا هو
 ندرة النساء اللي يسوقون سيارات 
 لدرجة إني من سكان الرياض والله من يوم
 القرار ماشفت ولا وحده تسوق 
 الا بالجوالات 
 نحن مجتمع قبائلي ويجب ان يفهم الجميع
 ذلك 
 اما العمل عادي حقها",neg
"#مع_او_ضد_عمل_وقياده_المراه
 ضد وبِـكُل تاكيد ي اخوه .. المرأة ليس لها عمل إلا في بيتِها ومطبخِها وليس لها قِياده إلا قِياده رأسِ زوجِها .",neg
"#مع_او_ضد_عمل_وقياده_المراه
 ضد قيادة المرأه الى ان يتم غسل العقول المريضه وتنظيف الشوارع من الوحوش المفترسه.",neg
"#مع_او_ضد_عمل_وقياده_المراه
 ضد طبعا المراه مالها الا بيتها والشيطان يزينها خطوه خطوه اول شي تعمل وبعدين تقول احتاج سياره اداوم وبعدين دورات فالخارج وهكذا 
 
 كم نسمع من القصص والماسي بسبب عمل المراه 
 
 قيادة المراه الحقيقه هي قيادتها لمنزلها",neg
"#مع_او_ضد_عمل_وقياده_المراه
 ضد العمل المختلط واللي ماله داعي وضد قيادة المراه لانها لاداعي له يكفي توفير نقل عام وخلاص",neg
"#مع_او_ضد_عمل_وقياده_المراه
 تركت عملها الأساسي وهي عمود البيت
 ومربية الجيل واصبح همها قيادة السيارة وكشف الوجه والتجول بالشوارع",neg
"#مع_او_ضد_عمل_وقياده_المراه
 انا ضد قياده المراه عشان اخاف من التريلات العمل انا معاه وبقوه🙄🙂🙂",neg
"#مع_او_ضد_عمل_وقياده_المراه
 انا ضد قيادة المراه✋️",neg
"#مع_او_ضد_عمل_وقياده_المراه
 الي ورا قيادة المرأه للسياره مو همه المرأه وقضاء حاجاتها
 له هدف خبيث وخسيس اسأل الله ان يكشف سره ويجعل كيده في نحره 
 ويطهر البلاد من شره.",neg
"#مع_او_ضد_عمل_وقياده_المراه
 المشكلة أن قيادة المرأة صارت هي القشة التي قصمت ظهر البعير ومثل انفراط عقد اللؤلؤ حيث إنها مشروعة في الأصل لكن جلبت معها الاختلاط والسفور بحكم الحرية والموسيقى والتبرج والسينما وكل هذا مع كف الهيئة عن عملها فالله خيرٌ حافظاً وهو أرحم الراحمين 🤲🤲",neg
"#مع_او_ضد_عمل_وقياده_المراه
 المراءة العاقلة عملها في بيتها
 وقيادتها لمنزلها خير من قيادة ألف بنتلي",neg
"#مع_او_ضد_عمل_وقياده_المراه
 المراءة العاقلة عملها في بيتها
 وقيادتها لمنزلها خيرُ من قيادة ألف بنتلي🚘
 
 طبعاً هذا رأيي وبقووووووووه 💪
 الله يحفظ الشعب من قيادة المراه 🙏🇸🇦",neg
"#مع_او_ضد_عمل_وقياده_المراه
 الأمير عبدالله الفيصل رحمه الله يقول
 المرأه السعوديه ربه البيت هي أفضل عندي من المرأه الموظفه في الأعمال المختلطه وهي أفضل من الجندي في الميدان لانها هي من ستربي الجيل القادم
 
 ويحذر بأن الا يقبل الشعب قيادة المرأه للسياره https://t.co/VQt2s0oMnX",neg
"#مع_او_ضد_عمل_وقياده_المراه
 اكيد مع قيادة المرأه تغيرت الحياة وتغيرت مطالبها واصبحت المرأه بحاجه ماسه للقيادة .. وافضل من ان تركب مع رجل اجنبي .",neg
"#مع_او_ضد_عمل_وقياده_المراه
 اصلا ليس مهم قيادة السياره 
 فيه اخوه وفيه سواقين محترمين 
 والسواقه باب رزق لهم 
 وشهوله نترس الشوارع سيارات 
 
 ونساهم في التلوث( البيئي ) مافكرتم 
 فيها ذي؟!؟",neg
"#مع_او_ضد_عمل_وقياده_المراه
 
 من اسباب عدم الرضاء عن قيادة الحريم
 
 1- خروج المرآه من البيت بدون محرم
 2- خروجها من البيت بكثره وبدون سبب
 3- خروجها من البيت بدون الأذن من زوجها
 
 من اسباب عدم الرضاء بتوضيفها
 
 1- الاختلاط مع الرجال والجلوس معهم
 2- التفرغ للعمل وترك شغل البيت والاطفال",neg
"#مع_او_ضد_عمل_وقياده_المراه
 
 ليس قيادة المرأة بعينها حرام مثل انها تلف الدركسون اوً تعشق القير بل م يترتب على ذلك من مفاسد هو الحرام ..
 
 هذا كلام الشيخ ابن عثيمين او بن باز ..
 البحث خير دليل وبرهان",neg
"#مع_او_ضد_عمل_وقياده_المراه
 
 ضد وبقوه 
 ماخلوا سوبر ماركت ولا رصيف الا ارتكبوه 
 سأكون مع قيادة المرأه في حاله وحده ! ان طُلب مني قولها قلتها .",neg
"#مع_او_ضد_عمل_وقياده_المراه
 
 ضد قياده المراه",neg
"#مع_او_ضد_عمل_وقياده_المراه
 
 ضد قيادة وعمل المراة #رجعية عادي",neg
"#مع_او_ضد_عمل_وقياده_المراه
 
 انا كاأنثى سعودية ارفض أن اقود السيارة وان اذهب بها الى اماكن الفسق والفجور عفتي فوق وحيائي فوق كل شيء ، ولو أردت أن أقود فلا أجمل من قيادة زمام الامور في بيتي 🙏🏻💘",neg
"#مع_او_ضد_عمل_وقياده_المراه
 
 انا ضد قيادة المرأه لان كثرت الحوادث والوفيات من اللي ضد المرأه .؟؟",neg
#مع_او_ضد_عمل_وقياده_المراه لو بيدي لاعمل ولا قياده انطقي بالبيت,neg
#مع_او_ضد_عمل_وقياده_المراه لا قياده ولا عمل.. وأنا رحت فين.. اوصلها واصرف عليها.. وهيا تقعد في البيت تشوف طلباتي داخل غرفة النوم وخارجها,neg
#مع_او_ضد_عمل_وقياده_المراه جابت العيد انا ضد قياده المرأه 😂😂😂 https://t.co/qgrXVZ7YtQ,neg
#مع_او_ضد_عمل_وقياده_المراه بالنسبه لعمل المرأه في مكان غير مختلط بالرجال انا مع هذا القرار. قياده المرأه للسياره مع أنه لا يعتبر ظاهره مجموعه قليله فقط اللي رأيتهم لكن أنا ضد للأسف أكثرهن لا يتغطون مع مكياج فهذا مع الوقت قد يحصل مالا يحمد عقباه,neg
#مع_او_ضد_عمل_وقياده_المراه بالنسبة لنا ماعندنا وظيفة للمراة إلا التدريس وبخصوص قيادة المرأة حنا رياجيل ونخدم أهلنا بنفسنا .,neg
"#مع_او_ضد_عمل_وقياده_المراه المراءة العاقلة عملها في بيتها
 وقيادتها لمنزلها خير من قيادة ألف بنتلي https://t.co/qApbzIJG6A",neg
#مع_او_ضد_عمل_وقياده_المراه اللهم رد عبدك محمد بن نايف ونا ضد قيادة المرأه حنا مع ولد نايف,neg
#مع_او_ضد_عمل_وقياده_المراه اكيد ضد قيادة المراه رغم الجنس,neg
"#مع_او_ضد_عمل_وقياده_المراه 
 كل الشعب السعودي ولله الحمد 
 ضد الاختلاط بين الرجال والنساء 
 وضد قيادة المرأة للسيارة 
 لأن الشعب السعودي شعب إسلامي 
 قد تربى على الكتاب والسنة المطهرة",neg
"#مع_او_ضد_عمل_وقياده_المراه 
 قيادة المراءة ممنوع وحرام ... الخ هذا قول البعض
 
 طيب عن نفسي صراحة زوجتي وبنتي رافضين وأكبر سبب هو سوء تربية البعض وقلة حياءهم ومن لا شرف لهم ولا عِرض
 
 السبب الأخر بفضل الله منذ زواجي من 26 سنه لم أجعلهن يحتجن 
 
 أكرم أهل بيتك يكرمونك حتى بعد مماتك",neg
"#مع_او_ضد_عمل_وقياده_المراه 
 
 انا ضد قيادة المرأة بكل المقاييس وتحت أي ضرف … وهناك قرار حيصدر قريبًا بإلغاء هذا القرار .",neg
"""مع_او_ضد_عمل_وقياده_المراه : أناضدقيادة المرأه للسياره ،١-فيها تعريض للمرأة لكثير من المخاطر لا يتسع المجال لذكرها ولا تخفى على عاقل .٢- قيادة المرأة للسيارة ذريعة للكثيرات لكثرة الخروج من البيت بلا حاجة ، مخالفات بذلك أوامر الله .٣-• القيادة فيها شيء من الامتهان للمرأة .""",neg
هذا الزعيم بإختصار#رساله_لاعداء_محمد_بن_سلمان https://t.co/sH5S6tAbxG,pos
هذا الأسد عز للاسلام والمسلمين ولن تستطيعوا النيل منه حفظك الله ياسيدي ورعاك #رساله_لاعداء_محمد_بن_سلمان,pos
"نحن 🇸🇦 نرضع أطفالنا حب سلمان 🇸🇦
 #رساله_لاعداء_محمد_بن_سلمان https://t.co/7geVPg9hij",pos
موتوابغيضكم لابعث أبوكم عاش أبوسلمان ومن سنده شعب السعودية العظمى لايكرم ولأيهان ماعظمه من شعب ولله الحمدوالمنه الله اللي عزنامال أحدمنه #رساله_لاعداء_محمد_بن_سلمان,pos
موتوا بغيظكم #رساله_لاعداء_محمد_بن_سلمان 🇸🇦حفظ الله زعيم الشرق الأوسط الأمير الهمام الشهم المقدام محمد بن سلمان آل سعود 🇸🇦,pos
موتن قهر #رساله_لاعداء_محمد_بن_سلمان,pos
مهما فعل المرتزقه وحاولو تشويه سمعة محمد بن سلمان والله ثم والله ثم والله انهم يزيدوننا حباً للأمير محمد والأحداث التى حصلت وتسببت بهاقطر زادتنا تمسك به وحباًله ونحن تحت امره #رساله_لاعداء_محمد_بن_سلمان,pos
"مستعدون للموت والتضحية بأنفسنا وأبناءنا وأموالنا من أجل هذا البطل المقدام ، حفظه الله وأطال في عمره على طاعته ووفقه لما يحب ربنا ريرضى . #رساله_لاعداء_محمد_بن_سلمان",pos
"كلنا سلمان ..كلنا محمد بن سلمان .. الله يعزهم ..💚
 
 #رساله_لاعداء_محمد_بن_سلمان",pos
"كل محاربوه زادت محبتنا له
 وتثبتون انه رجل المستقبل المشرق بأذن الله
 نعم كلنا محمد بن سلمان
 الدار دارنا والامير اميرنا ونحطه بعيوننا فلتمتوا بحقدكم وغيظكم
 #رساله_لاعداء_محمد_بن_سلمان",pos
"في ذمتنا لهم بيعه
 وهذا الوطن لا نبيعه
 
 #رساله_لاعداء_محمد_بن_سلمان https://t.co/IyhSRNvIlM",pos
"عسى الله يحفظه ويطول في عمره ❤️
 #رساله_لاعداء_محمد_بن_سلمان https://t.co/pzl71KpVoI",pos
عساكم دايم منه موجعين 🇸🇦 #رساله_لاعداء_محمد_بن_سلمان,pos
"شغل الدنيا باسرها شرقها وغربها جنوبها و شمالها عربها وعجمها، هذا الشاب البطل الطموح العربي الهمام اصبح ملهم الشباب العربي المقهور من تخاذل عواجيز الستينات الذي يحكم معظم بلاد الامة العربيةولطالما كان الغرب يخشى من شرارة توقض الأمةالعربية من سباتها 
 
 رساله_لاعداء_محمد_بن_سلمان",pos
"شعبنا اكبر من هقاويكم و حنا فوق
 فوق
 
 والوطن دونه حياض الموت ناردها جموع
 
 خبتم و خابت مساعيكم ... 
 
 #رساله_لاعداء_محمد_بن_سلمان",pos
"سنستمر في محبته ودعمه ونحن جيشه واعوانه وستقبعون في حسدكم وذلكم وخستكم وارهابكم حتى تموتون كمداً.
 #رساله_لاعداء_محمد_بن_سلمان",pos
سر و ونحنٌ على خطاك سيدي 🇸🇦#رساله_لاعداء_محمد_بن_سلمان,pos
خبتم وخابت مساعيكم... جبال طويق راسية بفضل الله وبقوته... إلى الأمام يابو سلمان الله يسدد خطاك.. #رساله_لاعداء_محمد_بن_سلمان,pos
حفظك الله يا سيدي #رساله_لاعداء_محمد_بن_سلمان,pos
"حاكم ولد حاكم ولاهمه انسان
 والله ليلعن خيرهم كلبوهم
 
 هذا محمد والاسد ذاك سلمان
 ومن عادة الاشبال تقليد ابوهم 
 #رساله_لاعداء_محمد_بن_سلمان https://t.co/C1Y0B7rZax",pos
انت روح الشباب الله يحفظك لنا جميعاً .. #رساله_لاعداء_محمد_بن_سلمان,pos
اللهم احفظ ولي العهد محمد بن سلمان قاهر الاعداء انه السيف البتار اطال الله بعمره وحقق مساعيه ونصره على من عاداه🇸🇦🇸🇦🇸🇦🇸🇦💚#رساله_لاعداء_محمد_بن_سلمان,pos
الله يطول بعمره ويزيدهم قهر #رساله_لاعداء_محمد_بن_سلمان,pos
الله يحفظه ويبعد عنه كل شررر #رساله_لاعداء_محمد_بن_سلمان https://t.co/0QMEP5Rr0N,pos
الشعب السعودي الوفى عرف مخططكم ياعيال الكلب والهدف تدمير الوطن ولكن نقول لكم كلما زاد نباحكم كلما زدنا حباً ووطنية #رساله_لاعداء_محمد_بن_سلمان,pos
الشامخ احنى فداء للعيونه #رساله_لاعداء_محمد_بن_سلمان https://t.co/j7IrzGeg5i,pos
استودعناه الله الذي لا تضيع ودائعه ❤️ #رساله_لاعداء_محمد_بن_سلمان https://t.co/S1uGwjM4gL,pos
"#رساله_لاعداء_محمد_بن_سلمان
 إلى ما يطول العنب حامض عنه يقول 
 ومحمد بن سلمان عنبه غيرررررررررر
 له طعم لنا والله يحفظه لنا",pos
"#رساله_لاعداء_محمد_بن_سلمان
 المجد محمد بن سلمان رغم انف الاعداء والحاقدين https://t.co/h5O2gDkhXK",pos
"#رساله_لاعداء_محمد_بن_سلمان
 الله يحفظه ويطول بعمره ويرد كيد أعداءه في نحورهم 
 الله ينصره على كل من يعاديه https://t.co/RRyVcIWMW0",pos
"#رساله_لاعداء_محمد_بن_سلمان
 القضية الأخيره أخرجتكم من المستنقعات وكشفت أقنعتكم وحقدكم وعدائكم للسعوديه ،،
 ونقول لكم من يعادي محمد بن سلمان فهو يعادي عشرين مليون سعودي مخلص لدينة وقيادتة ووطنة،،
 وبلادنا بفضل الله عاليه غالية أبيه قويه...
 🇸🇦🇸🇦🇸🇦🇸🇦🇸🇦🇸🇦🇸🇦🇸🇦🇸🇦🇸🇦🇸🇦🇸🇦",pos
"#رساله_لاعداء_محمد_بن_سلمان
 الشعب السعودي العظيم يقول لكم
 #الشعب_سلمان_ومحمد_الشعب",pos
"#رساله_لاعداء_محمد_بن_سلمان
 الشعب احب محمد بن سلمان لاخلاقه العاليه وتواضعه ولحكمته وسياسته ورؤيته الناجحه لصناعة مستقبل زاهر متطور لخدمة السعوديه وشعبها والعالم العربي والاسلامي 🇸🇦 وندعو الله ان يطول عمره ويحفظة ويرزقه البطانه الصالحه التي تعينه. https://t.co/lhtTrAu0Tg",pos
"#رساله_لاعداء_محمد_بن_سلمان
 
 كفووو 😍🇸🇦
 
 . https://t.co/GVD7tIktz1",pos
"#رساله_لاعداء_محمد_بن_سلمان
 
 اللهم بارك له في عمره وفِي كل خطوةٍ يخطوها https://t.co/5zoYENJuKn",pos
"#رساله_لاعداء_محمد_بن_سلمان
 
 الله يعزك يا حكومتنا ⁦❣️⁩⁦❣️⁩⁦❣️💚💚💚💚💚💚",pos
"#رساله_لاعداء_محمد_بن_سلمان
 
 الله يحفظ لنا مملكتنا الحبيبه
 ويحفظ ملكنا وولي عهده
 ويطول با اعمارهم https://t.co/cOpdlREtmY",pos
"#رساله_لاعداء_محمد_بن_سلمان
 -
 تفاعل يجلب السعاده🇸🇦😍
 https://t.co/54CLGEI9md",pos
#رساله_لاعداء_محمد_بن_سلمان 💖💖كلنا محمد بن سلمان💖💖. موتووو بغيضكم,pos
#رساله_لاعداء_محمد_بن_سلمان 🇸🇦على كل أولائك الذين ينبحون صباح مساء أن يعلموا علم اليقين بأن صاحب السمو الملكي الأمير محمد بن سلمان كسب حب شعبه وأن نباحهم يزيد من حبه فالشجرة التي لا تثمر لا ترمى بالحجارة ونقول له أمض بنا سمو سيدي الى كل طموحاتك وشعبك من حولك مشاركا ومباركا👌,pos
"#رساله_لاعداء_محمد_بن_سلمان هل رأيتم وقفة كل الشعب السعودي بكافة مستوياته معه ، وكل شرفاء العرب والمسلمين وقفة رجل واحد ، فهمتوا ولا أعيد ،",pos
"#رساله_لاعداء_محمد_بن_سلمان هل استوعبتم أن كل الشعب السعودي يمثل الأمير محمد بن سلمان وهو يمثلهم ، قائد محبوب من شعبه لا يمكن أن يهتز له طرف ولو اجتمع العالم كله ضده ، ولا يوجد جيش بالعالم بعدد الشعب السعودي فكلنا جيش ورهن إشارته ارجعوا للإحصائية لتستوعبوا.",pos
#رساله_لاعداء_محمد_بن_سلمان نعلم ان عدائكم له بسبب همته العالية وستعلمون ان دفاعنا عنه وحبنا له في كل لحظه يزداد اضعاف خيب الله امالكم وزادنا الله لحمه وترابط https://t.co/kUbC7sChNU,pos
#رساله_لاعداء_محمد_بن_سلمان نجاحك أزعجهم وهدم طموحاتهم💚 https://t.co/JhqrN83X7M,pos
#رساله_لاعداء_محمد_بن_سلمان معك معك على الخير والشر ياسيدي فأنت تحمل عقيدة وهم أمة الله ينصرك يابو سلمان https://t.co/DSsHKlAFMh,pos
#رساله_لاعداء_محمد_بن_سلمان مثل الجبل شامخ ولاهزته ريح 🇸🇦👍🏼الله يحفظه ونستودعه الله في حله وترحاله🇸🇦❤️,pos
#رساله_لاعداء_محمد_بن_سلمان لن تهزمو هذا الشعب وهذه القيادة لعدة اسباب اولها اننا نؤمن شعب وقيادة اننا على حق ونحن على يقين ان الله لن يخذلنا ونحن نعلم انكم لم ولن تتوقفو عن استحداث اكاذيب جديده تريدون بها زعزعة امن السعودية بلاد الحرمين ونحن نحب ذالك منكم لانكم تزيدون من تلاحمنا,pos
#رساله_لاعداء_محمد_بن_سلمان كل احقادكم واكاذيبكم واموالكم بتروح هباء منثورا وسيبقى الملك وولي عهده وال سعود الكرام وهذا البلاد شامخة الا ابد الابدين,pos
#رساله_لاعداء_محمد_بن_سلمان اللهم يحفظك يارب,pos
#رساله_لاعداء_محمد_بن_سلمان اللهم زده هيبه وعز https://t.co/3UtKRFoNvd,pos
#رساله_لاعداء_محمد_بن_سلمان اللهم احفظ لنا مليكنا وولي عهده 💚🇸🇦 https://t.co/08BtYzEQG9,pos
#رساله_لاعداء_محمد_بن_سلمان اسال الله التوفيق والسداد لولات أمورنا 🙏,pos
"#رساله_لاعداء_محمد_بن_سلمان اذهبوا الى الجحيم. هذا الرجل يترفع عن التفاهات ويحظى بمحبة وثقة كل #السعوديون ليس لانه شاب وغالبية السعوديون شباب بل انه محبوب من كافة اطياف المجتمع وهو يستاهل تواضع، استقامة ، محاربة تطرف وفساد ، تنمية. ويقدر الشعب ولذلك استطاع وبجدارة دخول قلوب الشعب",pos
"#رساله_لاعداء_محمد_بن_سلمان 
 
 اقول لهم اننا نراه الأمل اللي راح يزيد الدوله السعوديه قوه عظماء بعد الله سبحانه وتوفيقه",pos
"-
 
 ولي العهد محمد بن سلمان رجل "" قول وَ فعل "" ورجال قليلُ .
 
 🇸🇦💚
 
 #رساله_لاعداء_محمد_بن_سلمان https://t.co/HvFNEJKk4b",pos
"ياكثر العاطلين 💔
 الله يرزقكم من واسع فضله #مهندسون_معطلون_في_ياهلا",neg
"يا ابن حلال بلاش نضحك على بعض احنى سعوديين ونعرف عيالنا لعب وبزوطة ، سلموا المشاريع للشركات اجنبية وفكونا من السعوديين والعرب ، هذا الي باقي مشروع مترو ويبغى يمسكه سعودي... ايش عرفك بالميترو يا خوي ...
 
 #مهندسون_معطلون_في_ياهلا",neg
ي اخوي والله ظلم #مهندسون_معطلون_في_ياهلا,neg
وين وزارة العمل مهندسين سعوديين عاطلين وموظفين اجانب خذوفره بس علي البلديات وشوفو #مهندسون_معطلون_في_ياهلا,neg
"وين رؤياكم رؤيا ٣٠ 
 
 مادري وش هالرؤيا المظلمه 
 
 المهندس انسان راحت حياته كلها دراسه
 
 هذا ظلم 
 
 #مهندسون_معطلون_في_ياهلا",neg
ولله ي ذبحنا التستر وذبحنا العطاله #مهندسون_معطلون_في_ياهلا,neg
ولله ان حرام تتعب سنين واخر شيء عاطل والزبده يقولك ها تعلمت وين الوظيفه متدري وش تقوله #مهندسون_معطلون_في_ياهلا,neg
ولا اعلانات وهميه وظايف لان ولله اشوف وظايف ب الهبل بس حط رقمك وندق عليك واخر شيء محد يدق عليك #مهندسون_معطلون_في_ياهلا,neg
"وزير العمل يانايم لماذا لاتتحرك الشباب في تزايد في العطاله لماذا لاتكسر العوائق عن الشباب السعوديين ، لماذا اغلب المجالات يشترط وجود خبره. والله ستزيد العطاله عطاله بسبب عدم وجود الخبره مع العلم خبرة الاجانب حبر على ورق 😡😡😡😡😡😡😡😡😡 #مهندسون_معطلون_في_ياهلا",neg
من السبب في تعطيل المهندس السعودي #مهندسون_معطلون_في_ياهلا,neg
مصيبة ان لايكون للمهندس السعودي بصمة في بناء وطنه .. وهذا امر يتعارض بشكل واضح مع #رؤية_2030 الأسباب كثيرة وقد يكون لرجال الاعمال دور فيها .. الامر يحتاج وقفة جادة #مهندسون_معطلون_في_ياهلا,neg
"مايبغون الا أمصاري متخلف كلب مطيع عاطل ببلده ويجي يحتل وظائفنا
 #مهندسون_معطلون_في_ياهلا",neg
ليتني اجنبي عشان اتوظف بديرتي😔💔 #مهندسون_معطلون_في_ياهلا,neg
"لن يكون هناك حلول بالتنظير والتحليل 
 سنين نتكلم عن المشكلة !!!
 
 #مهندسون_معطلون_في_ياهلا",neg
"للأسف وظائف الطب والهندسة مهمشه بسبب وزارة العمل @MLSD_SA نتمنى تدخل من الامير المُلهم المجدد محمد بن سلمان لإيقاف هذه المهزله 
 
 #مهندسون_معطلون_في_ياهلا",neg
لاتزيدون المواجعع #مهندسون_معطلون_في_ياهلا,neg
لا حياة لمن تنادي لنا سنين واحننا نعاني من البطاله والتهميش والاجنبي مسيطر ع المجال كله . #مهندسون_معطلون_في_ياهلا,neg
لا حول ولا قوه #مهندسون_معطلون_في_ياهلا,neg
كل سنة نسمع وعود من هيئة المهندسين و من وزارة العمل هل هذه المرة سوف ينفذون وعودهم ام انها مثل كل مرة ؟!!!!! #مهندسون_معطلون_في_ياهلا,neg
"في بلد المشاريع ( يعطل ابناءه)،، من المسؤول ؟! مالسبب؟ لماذا ؟ ومتى الحل ؟! Complicated situation needed to be solved immediately #مهندسون_معطلون_في_ياهلا",neg
غلطت عمري يوم دخلت هندسه واخذت شهادتها بعد دراسة خمس سنوات ... والان هذي السنه الرابعه عاطل #مهندسون_معطلون_في_ياهلا,neg
"على طول السنوات السابقه في كل مره 
 تثبت وزارة العمل @MLSD_SA فشلها 
 بتوطين الوظائف القيادية رغم وجود الشاب السعودي المتعلم @Ahmed_S_Alrajhi اعتقد ي مهندس احمد اذا لم تفعل شي خلال سنه ستطرد كسابقيك
 
 #مهندسون_معطلون_في_ياهلا",neg
"طبعا انتهت الحلقة وتستمر معاناتنا 💔
 
 #مهندسون_معطلون_في_ياهلا",neg
شي يغبن لما الواحد يكرف وشهاده واخرتها عاطل الله يصلح الحال ويرزقهم جميع #مهندسون_معطلون_في_ياهلا,neg
"دراسة الهندسة والعمل كمهندس بالمجتمع السعودي لم يعد كافيا بشكل اقتصادي ولا شخصي، البيئة غير محفزة تماما الحماس والرغبة والطموح لم يعد كافيا في هذا الزمن ومن قرر دراسة الهندسة يجب عليه اعادة التفكير اكثر من مرة حتى لا يذهب عمره 
 #مهنس_معماري_يتفلسف #فضفضة_مهندس #مهندسون_معطلون",neg
"خلني ساكت بس اقسم بالله انهم من راس الهرم الى اصغر واحد كلهم فاسدين لاكن تكلمنا الى ان ملينا من الكلام ، ما اقول الا حسبي الله على كل ظالم هدم شغفنا وحبنا لمهنتنا #مهندسون_معطلون_في_ياهلا",neg
"حالة القطاع الخاص يرثى لها واعتقد الي مو قد السوق يطلع منه الاقتصاد لسعودي يحتاج العلاج بالصدمة الكهربائية 
 
 #مهندسون_معطلون_في_ياهلا",neg
"جات على المهندسين
 جميع التخصصات عاطلين
 وزارة العمل 🙈🙉🙊 #مهندسون_معطلون_في_ياهلا",neg
"توني ماقلت بِسْم لله في التخصص كرهتوني فيه🙂💔
 
 #مهندسون_معطلون_في_ياهلا",neg
"أظن أن لا أحد يستطيع أن يتحدث عن البؤس و العطالة سوى من ذاق ويذوق لهيبها ، إنها لظى حارقة، سكين جارحة، قنبلة موقوتة تنفجر في قلبك كلما نظر إليك عجوز بعين الشفقة. #مهندسون_معطلون_في_ياهلا",neg
"أثناء ماابحث عن وظيفة تظهر لي شروط توظيف المهندسين بعضها مطلوب / خبرة ١٥ سنة !! سلامات هذا على وشك تقاعد !!
 وحديثي التخرج متكدسين !! 
 __
 #مهندسون_معطلون_في_ياهلا",neg
"إن قسوة العطالة أشد مرارة لباحث عن عمل ، تحدى حياته وتمرد عليها بأنفة وعزة وكبرياء ، كد واجتهد ، زرع ولم يحصد سوى خيبة الأمل في هذا الزمن الردئ المتلون الذي يجبرك على الاستسلام أمام طاحونته لتعصرك عصرا حتى تصير أداة غير صالحة للاستعمال.
 #مهندسون_معطلون_في_ياهلا",neg
انا ي ابن البلد عاطل والاجنبي ب وظيفه راتبه ٤٠ الف ولله لوني ليش قيمت ١٠ موظفين #مهندسون_معطلون_في_ياهلا,neg
انا طموحاتي من يومي صغير الى الان عمري ١٩ وطموحي هندسة كهربائية بكل هذي السهولة يسلب من كل شخص طموح بسبب اجنبي والبعض بشهايد مو معترفة والبلدان برا ماقد شفتها تعتمد على مهندسين غير اهل البلد نفسه المفروض فيه اولوياات للمواطن السعودي.... التكملة تحت #مهندسون_معطلون_في_ياهلا,neg
انا اخوي متخرج مهندس و ذي السنة الثانيه له جالس بالبيت و غير كذا اغلب الوظائف الهندسيه ماسكينها الأجانب يعين الله #مهندسون_معطلون_في_ياهلا,neg
الوظيفة ﺣﻖ ﻟﻠﻤﻮاﻃﻦ ﻻ ﻳﺠﻮز ﻟﻐﻴﺮﻩ ﻣﻤﺎرﺳﺘﻪ إﻻ ﺑﻌﺪ ﺗﻮاﻓﺮ اﻟﺸﺮوط اﻟﻤﻨﺼﻮص عليها . السؤال هل يتم اختبار قدرات غير السعودي وتدقيق شهاداتة والتأكد من صحتها قبل التعاقد ؟(لا)أين المساواة ! بكل شفافية هذا الفساد ياساده . #مهندسون_معطلون_في_ياهلا,neg
الوظايف مدري وين تروح شكلها تحت من تحت ل الاجنبي #مهندسون_معطلون_في_ياهلا,neg
الوضع يزعل للاسف #مهندسون_معطلون_في_ياهلا,neg
الوضع سيء لازم حل #مهندسون_معطلون_في_ياهلا,neg
المهندسون الأجانب هم سبب فشل مشروع تصريف السيول وبالذات المصرييين يطلبون من المقاول فلوس وهو غصب عليه يدفع بغض النظر عن العمل #مهندسون_معطلون_في_ياهلا,neg
"المسائلة حلها ابسط مما نتصور ولاكن بعض التجار اصبح يفضّل الأجنبي على المواطن واطالب الدولة بمحاكمتهم بتهمة عدم الولاء للوطن 
 
 #مهندسون_معطلون_في_ياهلا",neg
الله يعين #مهندسون_معطلون_في_ياهلا,neg
اصعب شئ في الحياه لما المواطن يشوف الاجنبي ماخذ وظيفته في وطنه 💔 #مهندسون_معطلون_في_ياهلا,neg
اذا الهيئة السعوديه للمهندسين ماتدعمني وتحميني من طمع المهندسين الاجانب بوظائفنا اللي احنا اولى فيها من بياخذ حقي ؟ #مهندسون_معطلون_في_ياهلا https://t.co/iQAhEKlnlF,neg
"RT @XrYx66iyAc22lIu: #مهندسون_معطلون_في_ياهلا
 يوجد فساد كبير من مسؤولي التوظيف في الدوائر الحكومية وفي القطاع الخاص أيضا كيف لاجنبي أن يقيم المهندس السعودي؟ 
 إذا تم إهدار طاقات الشباب السعودي وتهميشهم سيحدث مالا يحمد عقباه سواء على مستوى المهندسين أو غيرهم هناك جهات خارجيه تخوض وتلعب في أدق التفاصيل",neg
"RT @or_2030: #مهندسون_معطلون_في_ياهلا
 
 اذا ما تم القضاء على بطالة المهندسين السعوديين
 في هذه الفترة المليئه بالمشاريع والتطور والأعمار 
 متى سيتم القضاء عليها !!؟ 
 
 اغنى بلد في العالم 
 اكثر بلد تقام على ارضه مشاريع بمليارات الدولارات 
 لايجد المهندس السعودي فيه مكان للعمل 💔",neg
"RT @mma123456: #مهندسون_معطلون_في_ياهلا 
 الشباب السعودي له الحق في الحصول على وظيفة، المطلوب - تكاتف الجهود بمبادرات مشتركة من #هيئة_المهندسين ووزارة العمل للتدخل في إعطاء الأولوية في اي مشروع لتوظيف السعوديين،
 بالاضافة الى تقنين عدم استقدام مهندسين بتقدير مقبول، وإخضاع اي مهندس للاختبار",neg
"RT @m0ham2e1: #مهندسون_معطلون_في_ياهلا
 تخرجت و دخلت هندسة 
 و اخوي تخرج من الثانوية بعدي بسنة و دخل عسكرية 
 اليوم اخوي راتبه عشره الالاف و متزوج و عنده شقة و عيال و انا حارس امن اشتغل في الليل عشان ما يشوفوني الناس",neg
RT @Ltofh20: اكبر ظلم للشعب السعودي انك صرت وزير فرحنا بيوم طلع خبر وقلنا اوك تمام ان شاءالله فيه خير عن سابقه بس للاسف نفس الوضع كرسي بدون شغل ابصم بالعشره اني لو كنت على كرسيك وفرت ١٠٠٪وظيفه واكثر بثلاث شهور بس @Ahmed_S_Alrajhi #مهندسون_معطلون_في_ياهلا,neg
"RT @llzz2222: جات على المهندسين
 جميع التخصصات عاطلين
 وزارة العمل 🙈🙉🙊 #مهندسون_معطلون_في_ياهلا",neg
"RT @l0Ray: @YaHalaShow جميع الشركات الكبرى ابتكرت طريقة التعاقد مع شركات اصغر لتشغيل مشاريعها!
 
 هذا خبث من الشركات الكبرى لاخلاء مسؤليتها في التوظيف ولتقليل مصاريفها على الموظفين!
 
 #مهندسون_معطلون_في_ياهلا",neg
"RT @l0Ray: @YaHalaShow بعض القطاعات والمستشفيات والجامعات تطرح وظائف بعدد لايتجاوز ٥ وظائف وتستدعي جميع المتقدمين من جميع مناطق المملكة
 على سبيل المثال
 جامعة ام القرى ٦ وظائف والمختبرين لها فوق ٦٠٠ مهندس
 
 #مهندسون_معطلون_في_ياهلا",neg
"RT @JoblessKSAeng: يصرح وزير العمل بوعد لتوظيف العاطلين ، متى وكيف ولماذا هذا التأخير ؟؟ يطوف الملك مدن المملكة ويفتتح مشاريع تقارب لاعداد المهندسين العاطلين ومع ذلك يتولى التنفيذ الاجنبي ويبقى ابن الوطن على دكة الاحتياط ؟؟
 #مهندسون_معطلون_في_ياهلا",neg
"RT @JoblessKSAeng: خذلان لا يغتفر من وزارة العمل !! الدوله تتجه لدعم القطاع الخاص وتقليل الوظائف الحكوميه ووزير العمل يصرح عدد المهندسين قليل ، هل اصبح المهندسين وتعليمهم وضياع اعمارهم مجرد رقم واحصائية في سجلك يا سعادة المهندس ؟؟؟؟؟
 #مهندسون_معطلون_في_ياهلا",neg
"RT @JAgeeli: #مهندسون_معطلون_في_ياهلا
 لما طلع اسمي في الابتعاث قالوا لنا اجتهدوا عشان ترجعون تبنون البلد ولما رجعنا محملين بشهاداتنا بحماس انصدمنا من الواقع من صعوبه العمل في القطاع الحكومي بدون واسطه وشرط الخبرة في القطاع الخاص بالتالي مالك الا مشروع واول ما ينتهي المشروع تبقى عاطل زي حالي",neg
"RT @JAgeeli: #مهندسون_معطلون_في_ياهلا
 في القطاع الخاص أجبروا على توظيف سعوديين في قسم الموارد البشرية لكن فعلا هم مجرد صورة من يوظف هو الأجنبي اللي مستحيل يوظفك و راح يشتكي انه لم يجد في السعوديين الكفاءة و يطلب من بلده و أخص بالذكر المصريين و الشوام و الهنود",neg
"RT @Hussain_Hayf: #مهندسون_معطلون_في_ياهلا
 
 تنشد عن الحال هذا هو الحال💔
 
 حسبي الله على كل من له علاقة
 بعدم توظيف المهندس السعودي..
 سواء كانوا
 أفراد
 أو قطاعات حكومية 
 أو منشآت خاصة https://t.co/ALr7qt8m6I",neg
RT @hmmod131: انا اخوي متخرج مهندس و ذي السنة الثانيه له جالس بالبيت و غير كذا اغلب الوظائف الهندسيه ماسكينها الأجانب يعين الله #مهندسون_معطلون_في_ياهلا,neg
"RT @engselections: عقدة النقص تجاه الاجنبي جعلت الدولة ممثلة بوزارة العمل والخدمة المدنية غير مقتنعه بالسعودي لو تخرج من احسن جامعات العالم،
 
 والي يقهرك اكثر ان الي قاعدين يفضلونهم علينا لو تخرج سعودي من احد جامعاتهم مااعترفت الدوله بشهادته،
 
 بعني المشكلة هي انك *سعودي*
 
 #مهندسون_معطلون_في_ياهلا",neg
"RT @Eng77733793: #مهندسون_معطلون_في_ياهلا
 المصيبة ان امور توظيف المهندسين السعوديين كلها بيد الاجانب ، الاجنبي اصبح الآمر الناهي في امر توظيفنا فمن الطبيعي ان لا يتم توظيف المهندسين السعوديين لعيون طوني وعيال جماعته اصبحت انا غريب في وطني والاجنبي مواطن وفرص العمل كثيرة لهم ولنا لا تكاد تُذكر",neg
RT @DICmMvi3nyVlncz: اصبح المهندس السعودي يصارع الفقر أين المنقذ ؟ #مهندسون_معطلون_في_ياهلا,neg
"RT @Abu_abdullah895: #مهندسون_معطلون_في_ياهلا
 قسم بالله عيب على وزارة العمل والشركات والمؤسسات الوطنية أن يكون هناك سعودي مؤهل عاطل والوافد يشغل مكانه سواء كان
 أستاذ
 طبيب
 مهندس
 أخصائي 
 فني
 إداري
 موظف عادي",neg
"RT @AboShahiir: #مهندسون_معطلون_في_ياهلا
 
 اقفلو الأبتعاث للمهندسين واقفلو كليات الهندسة اذا اصبح ليس هناك استقطاب للسواعد الوطنية...",neg
"RT @Abdullah_S_1993: #مهندسون_معطلون_في_ياهلا 
 البطالة بازدياد والحلول بانحياد ،السعودي معطل والأجنبي مفعل ، وعودهم بنادول و عطالة المهندس السعودي لاتزول.",neg
"RT @Abdulla___H: @its_z_mas #مهندسون_معطلون_في_ياهلا
 لاترمون كل مشاكلكم على الاجانب 
 البلد تكفي الجميع بس مالكم دبره",neg
"RT @Abdulla___H: #مهندسون_معطلون_في_ياهلا
 عندما لا يجد الأطباء والمهندسين 
 وظائف في أغنى بلد في العالم فعليك 
 بالتفكير بحجم الفاسد اللذي نعاني منه https://t.co/2rhyoHgQ3f",neg
"RT @abd__553: #مهندسون_معطلون_في_ياهلا
 مسيرة المهندس السعودي بعد التخرج
 يدفع لهيئة المهندسين عشان يعتمد مهندس
 يدفع لقياس عشان يشغل المرتبتين 6 و 7
 يدفع للدورات عشان يقوي CV حقه
 والنتيجة عاطل عن العمل او في قطاع خاص
 برواتب متدنية",neg
"RT @Aaf___511: @Abdulaziz10432 @Hussain_Hayf @MLSD_SA @Eng_Council 😂👍
 قسم بالله جبتها ماعندهم وظائف للسعودي غير سكيورتي وإذا عزوه مرة كاشير
 هي مهنة شريفة الله يوفقهم ويرزقهم من واسع فضله
 لكن الظلم شهادة جامعية وعمل لايستحقه
 ورب البيت حتى من يبيع خضرة قريبي فقير يعول أسرة صادروا خضرته
 مات وهو يدعي على بلطجية البلدية #مهندسون_معطلون_في_ياهلا",neg
RT @111AymanAhmed: #مهندسون_معطلون_ياولي_العهد بالإمكان إحلال نسبة بسيطة جدا من المهندسين السعودين مكان المهندسين الأجانب و أيضا بالإمكان وضع شروط لا يتم إلا يجب وجود نسبة مهندسين سعودين وووو....... الحلول كثيرة ولكل لاحياة لمن تندى https://t.co/sM9uqdguDU,neg
"@mylawlow #مهندسون_معطلون_في_ياهلا
 الكل يعاني ليس انت فقط 
 تمنياتي لك بالتوفيق 🙏🏻",neg
@musa__cfc وانا بعد نفس الحال ياخوي قدمت على أكثر من ٥٠ وظيفة من ضمنها تمهير وكلها رفض بنفس السبب او عشان المهارات غير مناسبة #مهندسون_معطلون_في_ياهلا #مهندسون_سعوديون_بلا_عمل,neg
"#مهندسون_معطلون_في_ياهلا
 ياهيئة المهندسين تري مابجدد العضويه على الفاضي هيئة المهندسين همها تجمع فلوس من المهندسين ولا استفدنا منها شي",neg
"#مهندسون_معطلون_في_ياهلا
 ولا يخفى عليكم كمية الاستهزاء من اللي يسون معنا المقابلات واخص بالذكر عرب الشمال ينظرون لنا نظرة دونية واحتقار وكأن الراتب بيصرف من جيبه وبعد ما يخسف فيك الارض بكلامه يقولك ماعندنا توظيف او راح نتواصل معك ( لقد اسمعت اذ ناديت حيا ولكن لا حياة لمن تنادي)",neg
"#مهندسون_معطلون_في_ياهلا
 والله عيب ياوزارة العمل لنا سنين نطالب وانت بس عندكم وعود سمعنا الوعود كثير ياوزير العمل عندك حل لنا ولا اعترف بفشلك في هذي القضيه مثل الي قبلك",neg
"#مهندسون_معطلون_في_ياهلا
 والله جريمة بحق ابناء البلد.
 
 مهندس سعودي يعمل كاشير او يعمل شاهي على الجمر !!!...",neg
"#مهندسون_معطلون_في_ياهلا
 هيئة المهندسين هشة وضعيفة ولا تمتلك الحلول ولا المبادرات الملموسة على ارض الواقع دورات معظمها بالرياض برسوم عالية وحضور الدورات يوجب غيابك بعملك وخصم راتبك ولا يوجد ربط بينهم وبين الشركات وهي اضعف بكثير من ان يكون لها اعتبار عند الشركات ولن يُسمع لهم صوت",neg
"#مهندسون_معطلون_في_ياهلا
 عندنا بالسعوديه ندرس هندسه لكي نشتغل كاشير وموظف استقبال. 
 وغيرنا يأتي بشهادة مزوره ويصبح مهندس. زمن ترا فيه العجب",neg
"#مهندسون_معطلون_في_ياهلا
 عملت بعدة شركات السعودي يا حارس امن يامراسل يامحصل يامعقب وماتقدر تتطور ولا تترقي لا اي منصب لكثرة الاجانب بكل قسم ويزرعون قاعده لصاحب العمل ده مايشتغل ده يتاخر ده مايفهم ده مافيش حل معاه الان شغال بشركه احس اني ساكن في قاهره بمصر",neg
"#مهندسون_معطلون_في_ياهلا
 طالما المشاريع صارت تروح هبات للدول المجاوره وشركاتهم ماراح يلقى المهندس السعودي العاطل الا بوابات المولات سيكورتي فيها 
 عندنا بمكه مشروع كوبري النوريه راح للمقاولون العرب اللي بدورها باعته لمقاول في الباطن مصري طبعاً هالكوبري بيكمل ست سنوات وماسووه",neg
"#مهندسون_معطلون_في_ياهلا
 جميع المهندسين الوافدين العرب استقدمو عبر اجهزه الوزاره لم ينزلو علينا من الفضاء
 الخلل ليس في المواطن صاحب المصلحه 
 المشكله و الحل تبدأ من مكتب الاستقدام",neg
"#مهندسون_معطلون_في_ياهلا
 تهميش المهندس السعودي أوجد لنا تعثر في كثير من المشاريع او عدم الانتهاء منها بشكل الصحيح.
 هيئات هندسية ذات تأثير ضعيف في صنع القرار او محاسبة المقصر ساهمت أيضا في كثير من المشاكل وخاصة في عدم تمكين المهندس السعودي من العمل في السوق!",neg
"#مهندسون_معطلون_في_ياهلا
 ترا صار عادي نشوف أردني ولا مصري حديث تخرج من جامعة كانت عمارة سكنية ويمسك مشروع بالسعودية ، والمهندس السعودي له سنين يرتب اللبن في ثلاجة سوبر ماركت ومديرة مصري ! 
 
 يا ناس الوظائف لدينا مخترقة من اللوبيات الأجنبية تعبنا وحنا نقولها ونكررها !!!!!!!!!!",neg
"#مهندسون_معطلون_في_ياهلا
 أول كنا نفرح اذا تخرج الواحد مهندس !
 الآن يتخرج المهندس ويتوظف في احد المجمعات التجارية ٤٠٠٠ وداوم ٨ ساعات شيء لا يعقل !",neg
"#مهندسون_معطلون_في_ياهلا
 المصيبة ان امور توظيف المهندسين السعوديين كلها بيد الاجانب ، الاجنبي اصبح الآمر الناهي في امر توظيفنا فمن الطبيعي ان لا يتم توظيف المهندسين السعوديين لعيون طوني وعيال جماعته اصبحت انا غريب في وطني والاجنبي مواطن وفرص العمل كثيرة لهم ولنا لا تكاد تُذكر",neg
"#مهندسون_معطلون_في_ياهلا
 التوطين ليس معضلة لمن لديه إرادة وحسن تخطيط 
 ولكن وزارة العمل جعلته معضلة لأنها لا نية لها في التخطيط الصحيح والحد من الاعتماد على الوافدين وإيقاف التأشيرات !!",neg
#مهندسون_معطلون_في_ياهلا بلد المشاريع بلد الخير بلد بلد الاجنبي مدير عليك العطاله نصف الشباب عاطل او الاغلب شركات ٣٠٠٠ريال او ١٥٠٠ تصرف مين.,neg
"#مهندسون_معطلون_في_ياهلا المشكله الرئيسية مو فالأجانب ، المشكلة الكبرى والطآمه في اللى منبطح للاجانب اللى للاسف يحسب علينا كسعودي ‼️
 وسامح لهم بفصل السعوديين وتعطيلهم ظلماً 👌🏼.",neg
"#مهندسون_معطلون_في_ياهلا الحلول الموقته للوضايف لاتفيد 
 المهندسين السعوديين يجب علي مكتب العمل اي جهه تطلب استقدام مهندس تلزم بسعودي خريج ولا يجدد الاقامه للاجنبي",neg
"#مهندسون_معطلون_في_ياهلا 
 اويلي هالعمر راح 💔",neg
"#تمهير طالبين مهندس مدني بدون خبرة ويرفضوني عشان ماعندي خبرة 😂😭😔😂🤣💔💔
 
 اضحك ولا ابكي والمشكلة انها ٣٠٠٠ بس #مهندسون_معطلون_في_ياهلا",neg
��سبحان من عطاك الهيبة 💚 #غرد_بحبك_لمحمد_بن_سلمان https://t.co/wJUXoYqE4U,pos
��💕💕❤💚💚💚💚💚💚💚🇸🇦🇸🇦🇸🇦🇸🇦🇸🇦🇸🇦🇸🇦🇸🇦🇸🇦🇸🇦الله يحفظه #غرد_بحبك_لمحمد_بن_سلمان,pos
"يارب تطول سنينه 
 #غرد_بحبك_لمحمد_بن_سلمان",pos
يارب احفظه من كل حاقد وحاسد.. #غرد_بحبك_لمحمد_بن_سلمان,pos
ياخي ذا الانسان احبه مره ☹️💜. #غرد_بحبك_لمحمد_بن_سلمان,pos
يا رب احفظه من كل شر #غرد_بحبك_لمحمد_بن_سلمان https://t.co/XL6xputeKl,pos
"ي قلبي ي محمد أحُبك .♥️
 #غرد_بحبك_لمحمد_بن_سلمان",pos
"ولي العهد محمد بن سلمان هو مهندس نهضتناوحاضرنا ومستقبلنا .
 عجلة التنميه والنهضه والتطور والمشاريع لم تتوقف او تتأثر رغم مشاركة المملكه في تحالف
 حرب اليمن.
 غيرنا ليس لديهم ماء او كهرباء او بنيه تحتيه،
 والفقر والبطاله والمشردين يملاءون وينامون بالشوارع . #غرد_بحبك_لمحمد_بن_سلمان",pos
ولدنا الله يحميه #غرد_بحبك_لمحمد_بن_سلمان,pos
وش نقول وش نخلي 🙏🏼🇸🇦#غرد_بحبك_لمحمد_بن_سلمان https://t.co/h0VXkGWO5b,pos
والله لو يجتمع الشرق والغرب على ان يهزون ثقتنا في محمد بن سلمان سر يابو سلمان معك 20مليون سعودي#غرد_بحبك_لمحمد_بن_سلمان,pos
والله انك كفو يابو سلمان 💛 #غرد_بحبك_لمحمد_بن_سلمان,pos
واثق الخطوه يمشي ملكا 🇸🇦🇸🇦#غرد_بحبك_لمحمد_بن_سلمان https://t.co/Ju3Eu68NUZ,pos
هيبه وفخر للجزيره العربيه🇸🇦💚 #غرد_بحبك_لمحمد_بن_سلمان https://t.co/n0XXDyTdCC,pos
هو يحب شعبه فا ليذالك حنا نحبه تلقائي عسا الله يحفظه محمد بن سلمان ال سعود #غرد_بحبك_لمحمد_بن_سلمان,pos
"هو بقلب شعبه والشعب في قلبه 
 وفقه الله ورعاه
 #غرد_بحبك_لمحمد_بن_سلمان",pos
هذا السعودي فوق فوق 🌱 #غرد_بحبك_لمحمد_بن_سلمان,pos
هذا السعودي فوق فوق وهذا الاسد من ذاك الاسد ♥️ #غرد_بحبك_لمحمد_بن_سلمان https://t.co/76sexWhK6L,pos
"هذا الانسان التويتر كله يعجز عن وصفه
 بالمختصر المفيد هذا الانسان احبه واحترمه مثل م احترم ابويا احبه في الله والله يقويه على كل عدو لنا وله وان شاء الله مستقبل الشرق الأوسط بعد الله في ايده الله يقويه ويطول بعمره
 
 #غرد_بحبك_لمحمد_بن_سلمان",pos
نشوف فيك مستقبلنا💛💛. #غرد_بحبك_لمحمد_بن_سلمان,pos
نسال الله له التوفيق في خدمة دينه ووطنه وان يحفظه في حله وترحاله #غرد_بحبك_لمحمد_بن_سلمان,pos
"نحن معه
 #غرد_بحبك_لمحمد_بن_سلمان",pos
"نحن الشعب السعودي نحب الأمير محمد بن سلمان
 ولي عهد المملكة العربية السعودية حب لا يعرف
 أسراره الخونة والعملاء نعم صنع الكثير ومن انجازاته أصاب خونة دويلة شرق سلوى ومرتزقتها
 بالهوس والجنون 
 
 #غرد_بحبك_لمحمد_بن_سلمان",pos
نحبه وكيف مانحبه وهو جلاد الفرس المجوس وهادم حلم الاخوان والترك وباني حلم السعوديه #غرد_بحبك_لمحمد_بن_سلمان,pos
نحبك يامحمد بن سلمان ❤️❤️الله يديمكم ويقويكم على من يعاديكم #غرد_بحبك_لمحمد_بن_سلمان,pos
نحبك ياحبيب الشعب حب عفوي مثل عفوية الشعب السعودي ليس لمصلحة ولا نفاق بل حب مواطن لولي آمره #غرد_بحبك_لمحمد_بن_سلمان,pos
من يراه فخر العرب يضع قلب ❤️ 🇸🇦#غرد_بحبك_لمحمد_بن_سلمان https://t.co/Nj771F2Amu,pos
ملك الشرق الاوسط وولي العهد السعودي فخر العرب والمسلمين #غرد_بحبك_لمحمد_بن_سلمان,pos
"محمد بن سلمان مكانه القلب ،، نحبه من الاعماق ونفديه بالارواح
 
 نقف سدا منيعا بوجه من يحاول النيل منه او التطاول عليه
 
 اللهم احفظ محمد بعينك التي لا تنام واكفه شر الاشرار
 
 #غرد_بحبك_لمحمد_بن_سلمان",pos
محمد بن سلمان فخر العرب والعروبه والله يطول بعمره ويحفظه لنا وللمسلمين وموتو بغيظكم يالحاسدين والحاقدين #غرد_بحبك_لمحمد_بن_سلمان,pos
محمد بن سلمان فخامه وهيبه وذكاء وكل الاشياء الحلوه امشيي ونحنا ورااك وندعمك بكل قراراتك بس اسقط الولايه بليزاحبك مبس💚💚💚💚💚 #غرد_بحبك_لمحمد_بن_سلمان,pos
محمد بن سلمان خط أحمر#غرد_بحبك_لمحمد_بن_سلمان,pos
محمد بن سلمان ال سعود♥️ #غرد_بحبك_لمحمد_بن_سلمان,pos
محمد بن سلمان ❤#غرد_بحبك_لمحمد_بن_سلمان,pos
"محمد بن سلمان :
 
 تاخذنا العزة ... بالإسم ..
 
 #غرد_بحبك_لمحمد_بن_سلمان",pos
محمد بطل وكفو الله يحفظه #غرد_بحبك_لمحمد_بن_سلمان,pos
مجدك لقدام وأمجاد أجدادك ورا #غرد_بحبك_لمحمد_بن_سلمان https://t.co/CHsmDDB2HX,pos
متفائلين به بعد الله وبخططه الطموحه لشعبه الله يسدده ويقويه 🌹 #غرد_بحبك_لمحمد_بن_سلمان,pos
ما نقول الا الله يحفضه من كل شر ❤️❤️ #غرد_بحبك_لمحمد_بن_سلمان,pos
"ما توصفك كلمات الحُب سيدددي❤️❤️❤️❤️❤️😭😍👏🏼
 #غرد_بحبك_لمحمد_بن_سلمان",pos
لو كل يوم اغرد بحبه ماعبرت عن نقطه من محبتي لولي عهدنا #غرد_بحبك_لمحمد_بن_سلمان https://t.co/rN8011b5wE,pos
"لايهمنا قول وأكاذيب الأعداء الملفقة
 أنت في قلوب شعبك ... #غرد_بحبك_لمحمد_بن_سلمان",pos
لاتوفيك كلمات الحب حفظك الله ياأسد #غرد_بحبك_لمحمد_بن_سلمان https://t.co/9HNxOOlXd0,pos
"لا يعلمون ان ارتباطنا بمحمدبن سلمان ارتباط روحي وولاء مطلق حتى النخاع .🇸🇦💚🇸🇦
 #غرد_بحبك_لمحمد_بن_سلمان https://t.co/a3Wun0ds5V",pos
كم نحبك #غرد_بحبك_لمحمد_بن_سلمان,pos
كلنا هذا الرجل الطموح #غرد_بحبك_لمحمد_بن_سلمان,pos
كلنا الشعب محمد بن سلمان #غرد_بحبك_لمحمد_بن_سلمان,pos
كل عام وولي العهد بأتم صحه وعافيه 🌹 #غرد_بحبك_لمحمد_بن_سلمان,pos
كل روساء الدول في كفه ومحمد بن سلمان وابوه في كفه 🇸🇦😍#غرد_بحبك_لمحمد_بن_سلمان,pos
كل الحب والفخر للبطل الطموح والملهم محمد بن سلمان ❤❤❤🇸🇦🇸🇦🇸🇦#غرد_بحبك_لمحمد_بن_سلمان,pos
"كثيرون يكرهونه لانهم سمعوا عنه ولم يشاهدوا أفعاله
 
 وكُثر يحبونه لأن أفعاله تسبق أقواله
 
 لذا فأنا على قناعة بأنه محمد بن سلمان 🌺
 
 #غرد_بحبك_لمحمد_بن_سلمان",pos
"قواك الله يا امير 
 #غرد_بحبك_لمحمد_بن_سلمان",pos
قبل وقبلات ♥️♥️ #غرد_بحبك_لمحمد_بن_سلمان,pos
فووووووووووووووووق فووووق قوق ⁦❤️⁩#غرد_بحبك_لمحمد_بن_سلمان,pos
فديتتتته #غرد_بحبك_لمحمد_بن_سلمان,pos
فددددددددديته 💚🇸🇦الله يحفظه 😍#غرد_بحبك_لمحمد_بن_سلمان https://t.co/G2sqFw3EYr,pos
"فخر وعز قيادة شامخه وعاليه 
 
 #غرد_بحبك_لمحمد_بن_سلمان https://t.co/vs95boFc2C",pos
فخر العرب حماك الله✨ #غرد_بحبك_لمحمد_بن_سلمان,pos
عراب الرؤية💚🇸🇦 #غرد_بحبك_لمحمد_بن_سلمان https://t.co/IorRtwCbTu,pos
"عاش سيدي ذخرا لنا وللاسلام والمسلمين 
 #غرد_بحبك_لمحمد_بن_سلمان",pos
"طموحناالعنان ورؤية وطن
 بجهودابوسلمان تؤتي اكلها اكلها#غرد_بحبك_لمحمد_بن_سلمان",pos
شموخ 😘 #غرد_بحبك_لمحمد_بن_سلمان https://t.co/CObpHUoAb9,pos
شعبك يحبك ي طويل العمر #غرد_بحبك_لمحمد_بن_سلمان,pos
سمعا وطاعه سيدي #غرد_بحبك_لمحمد_بن_سلمان,pos
سبحان من عطاك الهيبة 💚 #غرد_بحبك_لمحمد_بن_سلمان https://t.co/s6g9lyWDJM,pos
رعاك الله يا غالي. والله حبك في قلوبنا. لايوصف #غرد_بحبك_لمحمد_بن_سلمان https://t.co/uuVRgr544H,pos
رعاك الله و حماك اينما كنت❤❤#غرد_بحبك_لمحمد_بن_سلمان https://t.co/JiFgOWkfPH,pos
رجل مجدد للسعوديه.. حارب الفساد تخلص من شوائب عالقة لعقوذ من الزمن.. يرغب بالتطور والتطوير لبلاده.. باختصار رجل الحاضر والمستقبل وبلادنا بامان في عهده وعهد والده حفظهما الله #غرد_بحبك_لمحمد_بن_سلمان,pos
"رجال والرجال قليل ( إنسان متواضع مخالط شعبه وشعب الي مجاوره لاتكبر بقلبه ولاذره بغض ولاكره ولاحسد يالله من فضلك إنسان متفهم ) هذا الي يمثل السعوديه والشعب السعودي بطييه قلبه وأخلاقه 
 
 عكس المهبل الي محسوبين علينا مواطنين كميه مرض وحقد الله يشيلكم ونرتاح
 #غرد_بحبك_لمحمد_بن_سلمان",pos
ربي يحفظك من كل مكروه ويديم عليك الصحه والعافيه والسلامه من كل شر ياحبيب قلبي وحبيب الشعب انت فخر الأمه العربيه والآسلاميه ولانرضى بغيرك ملك بعد الوالد سلمان اطال الله بعمره انت ملك ابن ملك من سلالة ملوك حفظك الله ورعاك ياأمير القلوب #غرد_بحبك_لمحمد_بن_سلمان,pos
ربنا يحفظه ويخليه #غرد_بحبك_لمحمد_بن_سلمان,pos
"ربنا واحد ودربنا واحد 
 كلنا سلمان وكلنا خليفة #غرد_بحبك_لمحمد_بن_سلمان",pos
"حنا معك قدام يا محقق الأحلام معاك ما ننضام يا صادق بوعدك.💚🇸🇦
 
 #غرد_بحبك_لمحمد_بن_سلمان https://t.co/y7q9vfVrXL",pos
"حماك الله
 #غرد_بحبك_لمحمد_بن_سلمان",pos
"حفظه ربي 
 #غرد_بحبك_لمحمد_بن_سلمان",pos
حفظه الله من امامه ومن خلفه وعن يمينه وعن شماله نسأل الله العلي القدير ان يسخر له البطانه الصالحه اللي تعينه على قضاء حوائج الناس وليس حوائجهم وان يديم عليه الصحه ويكفيه شر الناس والحساد وياكثرهم #غرد_بحبك_لمحمد_بن_سلمان,pos
حفظك الله وسدد خطاك اللهم وفقه لما تحب وترضاه#غرد_بحبك_لمحمد_بن_سلمان,pos
حفظك الله ورعاك #كلنا_محمد_بن_سلمان #غرد_بحبك_لمحمد_بن_سلمان,pos
حفظك الله من كل مكروه وسدد على طريق الخير خطاك #غرد_بحبك_لمحمد_بن_سلمان,pos
حفظ الله ولي العهد في حله وترحاله اهداء من الطفل /نواف المحمد#غرد_بحبك_لمحمد_بن_سلمان https://t.co/ExvhKbgeeZ,pos
حبيب الشعب نشوف فيك مستقبلنا#غرد_بحبك_لمحمد_بن_سلمان,pos
"حبنا له فطري ومايحتاج نتكلم عنه
 يكفي اللي سواه بالصحونج والاخونج قتل احلامهم وخططهم المدمرة للحياة الفطرية السليمة 
 اضرب على الكايد يبو سلمان ولا عليك من احد كلنا معك💚💚💚 #غرد_بحبك_لمحمد_بن_سلمان",pos
"حب ولي العهد الأمير محمد بن سلمان لايوصف وجميع أفراد الشعب السعودي معك نحو التطوير 
 مستقبل بلادنا في إيد أمينه مادام ابن سلمان يقودنا 🇸🇦🇸🇦🇸🇦🇸🇦 
 
 #غرد_بحبك_لمحمد_بن_سلمان",pos
حب ولاة الأمر والدعاء لهم من الدين ... #غرد_بحبك_لمحمد_بن_سلمان,pos
"حب محمد بن سلمان م ينكتب حبه اكبر من كذا بكثيير 💛💛"" #غرد_بحبك_لمحمد_بن_سلمان",pos
تعجز الكلمات عن وصفه 💚. #غرد_بحبك_لمحمد_بن_سلمان,pos
"تعجز الاحرف عن التعبير عن حبه ، لكن يشهد الله اني احبه❤️🇸🇦 #غرد_بحبك_لمحمد_بن_سلمان",pos
تعبت وانا أحبه😭♥️♥️♥️♥️♥️♥️ #غرد_بحبك_لمحمد_بن_سلمان,pos
"تستاهل الحب يا اللي ما فيه مثلك اثنين
 💚⭐️
 
 #غرد_بحبك_لمحمد_بن_سلمان https://t.co/IuIb1a5tWU",pos
تاج فوق رووؤس الملايين حفظه الله#غرد_بحبك_لمحمد_بن_سلمان,pos
بحبك محمد سلمان #غرد_بحبك_لمحمد_بن_سلمان,pos
"باذن الله يكون عون لشعبه 
 
 #ايقاف_الخدمات_دمر_الاسر
 
 #غرد_بحبك_لمحمد_بن_سلمان",pos
"أنت في قلوبنا 
 #غرد_بحبك_لمحمد_بن_سلمان",pos
أملنا بالله ثم فيك كبير الله ينصرك #غرد_بحبك_لمحمد_بن_سلمان,pos
ايش نقول غير ربنا يرفع قدرك #غرد_بحبك_لمحمد_بن_سلمان,pos
اي والله احبه واحب الارض الي يمشي عليهاوسهام مسمومه على من عاداه عشت يافخر العرب والعروبه ارواحنا دونك فداء #غرد_بحبك_لمحمد_بن_سلمان,pos
اولاً اشكره على تطوير البلاد وعلى الخدمات التي يقدمها والله يطول بعمره وعمر ابيه 😅 #غرد_بحبك_لمحمد_بن_سلمان,pos
انشهد انك كفو حاكم متواضع شعب وافي #غرد_بحبك_لمحمد_بن_سلمان,pos
انت فخر لكل سعودي وسعودية يا ولي العهد اسأل الله ان يحفظك من كل جنب ويسهل لك كل أمرا ) اللهم امين #غرد_بحبك_لمحمد_بن_سلمان,pos
انت سيدي الحاظر والمستقبل وقاهر الأعداء أكحل عدوك الين تعمي عيونهههه وفوووق هام السحب 🇸🇦🇸🇦🇸🇦🇸🇦#غرد_بحبك_لمحمد_بن_سلمان https://t.co/3cqN2PBiBV,pos
"اميرالشباب محبة الشعب له شي لايوصف بل ابهر العالم بي اكمله اسعد الصديق وذل العدو ،بختصار نفخر فيك يامحمد #غرد_بحبك_لمحمد_بن_سلمان من يتفق معي ليك",pos
الهيبة من الله سبحانه 💚 #غرد_بحبك_لمحمد_بن_سلمان,pos
المحبه من الله ومحبته واجبه وكلنا لك جبال طويق ياغيمة الفرح والعطاء الله يحميك وينفع فيك ويسعدك ياوجه السعد #غرد_بحبك_لمحمد_بن_سلمان,pos
"المجدد محمد بن سلمان 
 
 #غرد_بحبك_لمحمد_بن_سلمان https://t.co/AkDDzwJd3t",pos
المبدع الملهم رجل الساعة والتغير. #غرد_بحبك_لمحمد_بن_سلمان,pos
اللـہ يحفظه ذخر وفخر لنا #غرد_بحبك_لمحمد_بن_سلمان,pos
اللهم احفظ السعودية وشعبها وقيادتها.. اللهم من أراد بها شر فرد كيده في نحره.يا ارحم الراحمين... #غرد_بحبك_لمحمد_بن_سلمان,pos
اللهم اجعله ذخر ونفع به الاسلام والمسلمين وحفظه من كيد الكائدين #غرد_بحبك_لمحمد_بن_سلمان,pos
الله يوفقه ويحفظه #غرد_بحبك_لمحمد_بن_سلمان,pos
"الله يوفقك يارب
 #غرد_بحبك_لمحمد_بن_سلمان",pos
الله ينصرك ويزيدك فخر وعز يارب🇸🇦💚 #غرد_بحبك_لمحمد_بن_سلمان,pos
الله يكفيه شر كل ذي شر 🇸🇦💚🇸🇦💚🇸🇦💚 #غرد_بحبك_لمحمد_بن_سلمان,pos
الله يقويه ويحفظه لنا ويعينه #غرد_بحبك_لمحمد_بن_سلمان,pos
الله يقويك ♥️♥️ 🇸🇦🇸🇦 #غرد_بحبك_لمحمد_بن_سلمان,pos
الله يعينه و يوفقه يارب لصالح الأعمال والأقوال الي عودنا عليها ان شاء الله انه وجه خير على هالوطن #غرد_بحبك_لمحمد_بن_سلمان,pos
الله يعطينا خير الايام المقبله ويكفينا شر من فيه شر #غرد_بحبك_لمحمد_بن_سلمان,pos
الله يعزهم ولايعز عليهم احد #غرد_بحبك_لمحمد_بن_سلمان,pos
"الله يعزك يازعيم الشرق الاوسط🇸🇦💪🏻.
 #غرد_بحبك_لمحمد_بن_سلمان https://t.co/KByvCRoG2Y",pos
"الله يعزك ويقويك وينصرك يارب🇸🇦💪🏻 ... 
 
 #غرد_بحبك_لمحمد_بن_سلمان https://t.co/xDuoGjYwfz",pos
"الله يعزكّ ويطول بعمرك ياحبيب الشعب 
 تفائُلنا كبير وثِقتنا أكبر كل الفخر لنا ولبلادنا بوجود محمد بن سلمان 🇸🇦♥️♥️. 
 #غرد_بحبك_لمحمد_بن_سلمان https://t.co/EMmwI1WXpD",pos
الله يطول في عمرك ويوفقك كلنا محمد #غرد_بحبك_لمحمد_بن_سلمان,pos
"الله يطول بعمره
 #غرد_بحبك_لمحمد_بن_سلمان",pos
"الله يطول بعمره ويحفظه يارب❤️❤️
 
 #غرد_بحبك_لمحمد_بن_سلمان",pos
الله يطول بعمرك يامحمد❤️ #غرد_بحبك_لمحمد_بن_سلمان,pos
الله يطول بعمرك #غرد_بحبك_لمحمد_بن_سلمان,pos
الله يطول ب عمره ع العز والطاعه ويهي له يااارب البطانه الصالحه ويديم عليه نعمة الصحه والعافية ويعداء ياااارب من يعداه #غرد_بحبك_لمحمد_بن_سلمان,pos
الله يسعده أينما كان #غرد_بحبك_لمحمد_بن_سلمان https://t.co/RZb8pP3zPc,pos
الله يسدده ويوفقه ويحفظه من كيد الحاسدين ويسخره للاسلام والمسلمين ويرزقه البطانه الصالحه #غرد_بحبك_لمحمد_بن_سلمان,pos
الله يرفع قدرك ويحفظك #غرد_بحبك_لمحمد_بن_سلمان,pos
الله يديمك 💓#غرد_بحبك_لمحمد_بن_سلمان,pos
الله يديمك لناااااا 😍❤️❤️ #غرد_بحبك_لمحمد_بن_سلمان,pos
الله يخليه ويحفظه ويطول بعمره ويجعله ذخر 💕 #غرد_بحبك_لمحمد_بن_سلمان,pos
الله يخليه لنا والله يخلينا له دمت ودام مجد #غرد_بحبك_لمحمد_بن_سلمان,pos
الله يخليه ذخر #غرد_بحبك_لمحمد_بن_سلمان,pos
"الله يحميه
 #غرد_بحبك_لمحمد_بن_سلمان",pos
"الله يحميه في كل تنقلاته 
 #غرد_بحبك_لمحمد_بن_سلمان",pos
الله يحميك ويحفظك يأمير القلوب و سيف الاسلام #غرد_بحبك_لمحمد_بن_سلمان https://t.co/EIcv2rCzBj,pos
"الله يحفظه
 #غرد_بحبك_لمحمد_بن_سلمان",pos
الله يحفظه يارب 🌹💚 #غرد_بحبك_لمحمد_بن_سلمان,pos
الله يحفظه يااااارب حبيب الشعب 💚🇸🇦#غرد_بحبك_لمحمد_بن_سلمان https://t.co/lifEmTVy8W,pos
الله يحفظه ويطول بعمره 🤲🏻 #غرد_بحبك_لمحمد_بن_سلمان,pos
"الله يحفظه ويطول بعمره ويسخره للوطن والمواطنين ويجعل كيد الحاقدين في نحورهم ، آمين #غرد_بحبك_لمحمد_بن_سلمان",pos
"الله يحفظه ويطول بعمره 
 
 #غرد_بحبك_لمحمد_بن_سلمان",pos
الله يحفظه ويخليه #غرد_بحبك_لمحمد_بن_سلمان,pos
الله يحفظه ويحميه ويبعد عنه كل حاسد ويبعد عنه البطانه الفاسده يارب ياكريم 🌹🌹 #غرد_بحبك_لمحمد_بن_سلمان,pos
الله يحفظه من كل سوء #غرد_بحبك_لمحمد_بن_سلمان,pos
الله يحفظه من كيد الكايدين ومن حسد الحاسدين💚💚 #غرد_بحبك_لمحمد_بن_سلمان,pos
الله يحفظه من كل مكروه له الولاء والطاعه #غرد_بحبك_لمحمد_بن_سلمان,pos
الله يحفظك و يطول بعمرك يا رمز المستقبل 🇸🇦💚 #غرد_بحبك_لمحمد_بن_سلمان https://t.co/85iP9xCo2G,pos
الله يحفظك من كل شر والله يطول بعمرك 💙 #غرد_بحبك_لمحمد_بن_سلمان,pos
الله يحفظك من كل شر #غرد_بحبك_لمحمد_بن_سلمان,pos
الله يحفظك #غرد_بحبك_لمحمد_بن_سلمان,pos
الله يحفظ ولي عهدنا ويطول في عمره #غرد_بحبك_لمحمد_بن_سلمان,pos
الله لا يحرمنا منك 🤗 #غرد_بحبك_لمحمد_بن_سلمان,pos
الكلام لا يكفي 🙏🏻 #غرد_بحبك_لمحمد_بن_سلمان,pos
الكلام قليل بحقك ياسيدي... حفظك الله ورعااك #غرد_بحبك_لمحمد_بن_سلمان,pos
"الشعب يحبك ..
 #غرد_بحبك_لمحمد_بن_سلمان",pos
التثبيت للعقود والبنود يامحمد وشكرا💜 #غرد_بحبك_لمحمد_بن_سلمان,pos
الاحرف والمعاني تعجز عن وصف حبه ابو سلمان حبه عظيم ✨ #غرد_بحبك_لمحمد_بن_سلمان,pos
اقوله من كل قلبي شعبك يحبك ويعشقك وربي يطول بعمرك لانك فتحت لنا باب الوظائف بالقطاع الخاص ورفعت راسنا ويدوم حبك في قلوبنا #غرد_بحبك_لمحمد_بن_سلمان,pos
"اطال الله لنا في عمرك وأعانك الله وحفظك أميرنا المحبوب
 
 #غرد_بحبك_لمحمد_بن_سلمان",pos
اطال الله بعمره ومتعه بصحه والعافيه يارب #غرد_بحبك_لمحمد_بن_سلمان,pos
اشهد بالله ولا من اعز من الله اني ما احببت حاكم مثله اسأل الله ان يحفظه من بين يديه ومن خلفه وعن يمينه وعن شماله ومن فوقه وأعوذه بالله ان يقتال من تحته واسأله تعالى ان يحميه من شر حاسد اذا حسد وشر حاقد اذا حقد اللهم انك انت الحافظ فأحفظ لنا ولي العهد #غرد_بحبك_لمحمد_بن_سلمان,pos
اسال الله ان يحفظه ويطول بعمره بس اتمنى أنه مايصير مثل أعمامه عبدالله وفهد اعطوالفلسطنيين مليارات مايحلم بها الشعب السعودي وفي الاخير اكثر اللذين يسبون فينا الفلسطيني واللبنانيين#غرد_بحبك_لمحمد_بن_سلمان,pos
احبه واحب هيبته #غرد_بحبك_لمحمد_بن_سلمان,pos
احبكككككككككككككككككككك ليت الزمان يجمعني معكككككك لاراكً 💞😩 #غرد_بحبك_لمحمد_بن_سلمان,pos
احبك#غرد_بحبك_لمحمد_بن_سلمان,pos
احبـك يافخرنا 💚 #غرد_بحبك_لمحمد_بن_سلمان https://t.co/SdO48qpv5w,pos
احبك يابوسلمان 🇸🇦 #غرد_بحبك_لمحمد_بن_سلمان,pos
احبك يا ابو سلمان والله يشهد علي #غرد_بحبك_لمحمد_بن_سلمان,pos
"احبك زي الكون
 #غرد_بحبك_لمحمد_بن_سلمان",pos
احبك بس وش ذنبي #غرد_بحبك_لمحمد_بن_سلمان,pos
احبك MBS🇸🇦 #غرد_بحبك_لمحمد_بن_سلمان,pos
احببو يارب يديني مليون ريال 💔 #غرد_بحبك_لمحمد_بن_سلمان,pos
اَي والله أني أحب ولي امري اللهم سدد خطاك يامحمد بن سلمان روئية المستقبليه جعلت الأعداء يستغلون اَي قصيه لكي يبقون هذه البلاد تحت رحمه الأعداء #غرد_بحبك_لمحمد_بن_سلمان,pos
#غرد_بحبك_لمحمد_بن_سلمان. ي قاهر العالم ربي ي حفظك ويبعد عنك ناس الحاقده والحسوده والله ينور طريقكك يحميك لنا يارب. كلنا محمد بن سلمان ❤️,pos
#غرد_بحبك_لمحمد_بن_سلمان. عز وفخر ورب الكعبه https://t.co/9wKE2fslRl,pos
"#غرد_بحبك_لمحمد_بن_سلمان
 😍",pos
"#غرد_بحبك_لمحمد_بن_سلمان
 💚❤💚❤💚❤💚❤💚❤💚
 الله يحفظ ذا الوجه ويسعدك ويسخر لك الأرض ومن عليها ويجعل يومي قبل يومك https://t.co/Lf31jSJHV4",pos
"#غرد_بحبك_لمحمد_بن_سلمان
 🇸🇦🇸🇦🇸🇦💚💚💚💚💚💚💚💚💚ولي العهد💚💚💚💚💚🇸🇦🇸🇦🇸🇦🇸🇦🇸🇦🇸🇦🇸🇦💚💚💚💚💚💚💚💚💚💚💚💚💚💚🇸🇦🇸🇦🇸🇦🇸🇦🇸🇦🇸🇦🇸🇦🇸🇦🇸🇦🇸🇦🇸🇦🇸🇦🇸🇦🇸🇦🇸🇦🇸🇦🇸🇦🇸🇦🇸🇦🇸🇦🇸🇦🇸🇦🇸🇦🇸🇦🇸🇦🇸🇦🇸🇦عاش ولي عهدنا",pos
"#غرد_بحبك_لمحمد_بن_سلمان
 يارب طول بعمره وحقق أمانيه🌺",pos
"#غرد_بحبك_لمحمد_بن_سلمان
 يا جامع اللي نحبه كيف مانحبك 🇸🇦💙💙💙💙",pos
"#غرد_بحبك_لمحمد_بن_سلمان
 وربي انه مطنوخ 
 الله يوفقه ويسدد خطاه 
 وينصر به سنة رسوله 
 ويحمي به حمى التوحيد",pos
"#غرد_بحبك_لمحمد_بن_سلمان
 نحبك 😘😘😘 https://t.co/0ns1i5TqeK",pos
"#غرد_بحبك_لمحمد_بن_سلمان
 كلنا محمد 💋😍",pos
"#غرد_بحبك_لمحمد_بن_سلمان
 كلنا فخر في محمد وكلنا فدا له بارواحنا 
 نحبه محبه بلاحدود
 يارب احفظه ورد كيد اعداءه بنحورهم ونصره يارب 💚 https://t.co/0FIUQcA7Ve",pos
"#غرد_بحبك_لمحمد_بن_سلمان
 كلنا سلمان
 كلنا محمد بن سلمان 
 حفظهما الله",pos
"#غرد_بحبك_لمحمد_بن_سلمان
 كلنا 
 
 معك 💪🏻",pos
"#غرد_بحبك_لمحمد_بن_سلمان
 كل متعاون من #العرب مع إيران وتركيا وقطر يعتبر خائن لبلادنا وسيصبح منبوذ لا قيمة له حان الوقت لتسمية الأشياء باسماءها نريد أوطاننا العربية ونريد عودة شعوبنا إلى بلادهم بكرامة وعزة كفى قتل وتهجير ودمار",pos
"#غرد_بحبك_لمحمد_بن_سلمان
 الله يحفظه❤️ وهو الآن رجل المرحله الحالية والقادمه بإذن الله والله ينصره💚💚💚وياليت اقابله واشكي له حال أمي الحزينه💔💔💔",pos
"#غرد_بحبك_لمحمد_بن_سلمان
 الله يحفظه وينصره ويطيل في عمره ويجعله ذخراً للاسلام والمسلمين",pos
"#غرد_بحبك_لمحمد_بن_سلمان
 الله يحفظه ويحميه",pos
"#غرد_بحبك_لمحمد_بن_سلمان
 الله يحفظك 🇸🇦🇸🇦🇸🇦🇸🇦🇸🇦 https://t.co/MYwPhoiwaC",pos
"#غرد_بحبك_لمحمد_بن_سلمان
 الله يحفظك يارب 💛💫.",pos
"#غرد_بحبك_لمحمد_بن_سلمان
 الله يبعد عنك اصدقاء السوء",pos
"#غرد_بحبك_لمحمد_بن_سلمان
 الكلام لايوفيه حقه 💗💙💗💙",pos
"#غرد_بحبك_لمحمد_بن_سلمان
 الشعب محمد 
 ومحمد هو الشعب
 كلنا محمد بن سلمان",pos
"#غرد_بحبك_لمحمد_بن_سلمان
 اكيد احبه الله يخليه لنا ويخلي ابونا سلمان ويطول اعمارهم يارب ويبعد عنهم اعدائهم واعداء وطنا .",pos
"#غرد_بحبك_لمحمد_بن_سلمان
 اقسم بالله اني احبك الله يحفظك ويخليك ويرضى عليك وعساك ذخر يا بوسلمان وان قالوا اقدم والله لاااقددددمممممممم🇸🇦💚💚💚💚💚",pos
"#غرد_بحبك_لمحمد_بن_سلمان
 اشتقنالك",pos
"#غرد_بحبك_لمحمد_بن_سلمان
 ❤ أحبك ❤",pos
"#غرد_بحبك_لمحمد_بن_سلمان
 ❤️❤️❤️",pos
"#غرد_بحبك_لمحمد_بن_سلمان
 ✌✌✌ ي بلادي وواصلي https://t.co/VPTIcGrbA7",pos
"#غرد_بحبك_لمحمد_بن_سلمان
 
 والله اني أحبك ❤️",pos
"#غرد_بحبك_لمحمد_بن_سلمان
 
 هو الحب كله 💚💚💚💚🇸🇦🇸🇦🇸🇦",pos
"#غرد_بحبك_لمحمد_بن_سلمان
 
 نحبك وربنا شاهد❤❤❤",pos
"#غرد_بحبك_لمحمد_بن_سلمان
 
 منذو اول ظهور له وانا مراهن عليه باينه طلة اذئب",pos
"#غرد_بحبك_لمحمد_بن_سلمان
 
 محمد عزمه وقوته وشموخه شاهقه مثل جبال طويق نفتخر بك 💚 https://t.co/tAStIqzqiu",pos
"#غرد_بحبك_لمحمد_بن_سلمان
 
 قـائد المـسيره وحـبيب الشـعب 💚
 طــموح ورؤية إسرار وعـزيمة كـلنا مـعاك قلـبآ وقـالب والله نحـبك 🇸🇦",pos
"#غرد_بحبك_لمحمد_بن_سلمان
 
 في هذا الزمن مع احترامي الشديد لن تجد في الاسرة المالكة شاب قادر على أن يتخطى الصعاب وينقذ وطن ك شخصه لذلك اؤمن برؤية سموه الكريم 2030 وحبي له لا يوصف",pos
"#غرد_بحبك_لمحمد_بن_سلمان
 
 عندي إحساس وامل كبير بانه شاب صلب وشجاع و داهيه بالسياسه والاقتصاد وسيقود بلادنا و العالم الاسلامي للعزة والسؤدد والازدهار والتقدم على كافة المستويات فادعو الله عز وجل ان يحفظه ويعينه وينصره على كل من يقف بطريقه ٠ https://t.co/VNAwlpWSru",pos
"#غرد_بحبك_لمحمد_بن_سلمان
 
 شو بحبك يامحبوبي🇸🇦💞",pos
"#غرد_بحبك_لمحمد_بن_سلمان
 
 سر وشعب معاك ياقائد المجد https://t.co/Xv8kPxHl21",pos
"#غرد_بحبك_لمحمد_بن_سلمان
 
 رجل عظيم
 
 غمرني بكرمه
 و أسرني بتواضعه
 
 عز يا قمة طويق",pos
"#غرد_بحبك_لمحمد_بن_سلمان
 
 دائماً تجد الناجح مُحارب..معنا رؤيا ثاقبة ازعجتكم سنستمر حتى تتحقق وانتوا ي اعدائنا موتوا بغيظكم",pos
"#غرد_بحبك_لمحمد_بن_سلمان
 
 حنا لك سند",pos
"#غرد_بحبك_لمحمد_بن_سلمان
 
 حفظ الله سيدي محمد بن سلمان
 محمد الامين وأطال الله في عمره
 ورزقه الصحة والعافية ..
 ..
 ي سمو الامير محمد طموح شعبك ..
 عنان السماء .. فسر بنا اينما شئت ..
 ..
 .. https://t.co/Q8nesFi6Uv",pos
"#غرد_بحبك_لمحمد_بن_سلمان
 
 حبك سكني محمد ياعيوني ياحمودي .💚",pos
"#غرد_بحبك_لمحمد_بن_سلمان
 
 حب ولي العهد الأمير محمد بن سلمان لايوصف وجميع أفراد الشعب السعودي معك نحو التطوير 
 مستقبل بلادنا في إيد أمينه مادام ابن سلمان يقودنا 🇸🇦🇸🇦🇸🇦🇸🇦",pos
"#غرد_بحبك_لمحمد_بن_سلمان
 
 انا مو بس احبك انا اموت عليك 😁❤💚",pos
"#غرد_بحبك_لمحمد_بن_سلمان
 
 انا كلي على بعضي ل محمد بن سلمان",pos
"#غرد_بحبك_لمحمد_بن_سلمان
 
 اللهم إني أشهدك أني قد أحببته بك ..
 
 أسألك الله الواحد الأحد الذي أحاط حكمه وتدبيره وتصريفه كل شيء اللهم إحفظه ووفقه وسدد له خطاه وأنفعنا به وأنفعه بنا",pos
"#غرد_بحبك_لمحمد_بن_سلمان
 
 الله يوفقك لخدمة الدين ثم الشعب والوطن
 
 ويسدد خطاك لكل شي يفيد الأمة ....",pos
"#غرد_بحبك_لمحمد_بن_سلمان
 
 الله يعزك 🇸🇦🇸🇦🇸🇦 https://t.co/Po7vhduiU9",pos
"#غرد_بحبك_لمحمد_بن_سلمان
 
 الله يديمه ويحفظه وجعلهاااااا تبطي سنينه ❤️❤️❤️❤️❤️🇸🇦🇸🇦🇸🇦🇸🇦🇸🇦🇸🇦🇸🇦",pos
"#غرد_بحبك_لمحمد_بن_سلمان
 
 الله يديمك لنا ويطول بعمرك. 🙏 ❤️ https://t.co/rVBFqD2EtA",pos
"#غرد_بحبك_لمحمد_بن_سلمان
 
 الله يخليك لنا ذخر ❤️ https://t.co/1JDkIKMJzE",pos
"#غرد_بحبك_لمحمد_بن_سلمان
 
 استوطَن قَلبِي ❤️❤️🌟",pos
#غرد_بحبك_لمحمد_بن_سلمان 🇸🇦🇸🇦 فخر https://t.co/Kls0xz3H91,pos
#غرد_بحبك_لمحمد_بن_سلمان يلوموني في حبك ياغالي الله يطول بعمرك ❤️ووه لو تحصل لي شوفته 😍 https://t.co/ws2nqg7Hsh,pos
#غرد_بحبك_لمحمد_بن_سلمان يالبئ محمد❤️,pos
#غرد_بحبك_لمحمد_بن_سلمان ي جعل عمرك طويل ي طويل العمر عندك سلف .,pos
"#غرد_بحبك_لمحمد_بن_سلمان هيبة امير هيبة ملوك ، الله يرفع مقدارك وشانك",pos
#غرد_بحبك_لمحمد_بن_سلمان نحبوه وايد♥️,pos
#غرد_بحبك_لمحمد_بن_سلمان نحبك 😗,pos
#غرد_بحبك_لمحمد_بن_سلمان معاك في كل خطوه 💚💚💚💚💚💚💚 https://t.co/3rznjieVEG,pos
#غرد_بحبك_لمحمد_بن_سلمان مستقبلنا 😍💜 https://t.co/cGYsIHfmlL,pos
#غرد_بحبك_لمحمد_بن_سلمان محمد ياحاضر الشعب السعودي ومستقبله 💚,pos
#غرد_بحبك_لمحمد_بن_سلمان أي لف يو ❤ 💚,pos
#غرد_بحبك_لمحمد_بن_سلمان المُستقبل الأفضل ❤️,pos
#غرد_بحبك_لمحمد_بن_سلمان الله يوفقه ويسدد خطاه والى الامام يا ابو سلمان,pos
"#غرد_بحبك_لمحمد_بن_سلمان الله يعينه ويوفقه في سفره..
 خادم الحرمين الشريفين الملك سلمان بن عبدالعزيز آل سعود..
 أرسل صقر يرجع بالغنايم السمينة..",pos
#غرد_بحبك_لمحمد_بن_سلمان الله يطول عمرك ياسيدي محمد بن سلمان https://t.co/TinQc2beB8,pos
#غرد_بحبك_لمحمد_بن_سلمان الله يديمك ياحيي https://t.co/3pNvZvC3nC,pos
#غرد_بحبك_لمحمد_بن_سلمان الله يديمك لنا,pos
#غرد_بحبك_لمحمد_بن_سلمان ❤️❤️❤️❤️❤️❤️❤️❤️❤️❤️❤️❤️,pos
#غرد_بحبك_لمحمد_بن_سلمان ❤️,pos
"#غرد_بحبك_لمحمد_بن_سلمان 
 محمدبن سلمان احبه الله واختاره في هذا لوقت لشيءً هو يعلمه اما حبنا له فهو طبيعي ان يكون فوق العاده لاننا في حاجة لمثل هذا الرجل الملهم البطل المقدام حفظه الله وحفظ به امن وامان بلاد الحرمين الشريفين وامن الشعب السعودي الوفي",pos
"#غرد_بحبك_لمحمد_بن_سلمان 
 الله يحفظك يا ذخر الوطن ويخليك 💜",pos
"#غرد_بحبك_لمحمد_بن_سلمان 
 
 الله يحفظه ويحميه ويقويه وكلنا معه 💚",pos
"#غرد_بحبك_لمحمد_بن_سلمان 
 
 احبه احبه ياخي 😌❤️❤️❤️",pos
